{
	"format_version": "1.8.0",
	"animations": {
		"animation.obito.idle": {
			"loop": true,
			"animation_length": 2.4,
			"bones": {
				"model": {
					"rotation": [0, 0, 0],
					"scale": 1
				},
				"UpBody": {
					"rotation": {
						"0.0": [0, 0, 0],
						"1.2": [-0.5, 0, 0],
						"2.4": [0, 0, 0]
					},
					"position": {
						"0.0": [0, 0, 0],
						"1.2": [0, 0.2, 0],
						"2.4": [0, 0, 0]
					}
				},
				"lAm": {
					"rotation": {
						"0.0": [0, 0, 0],
						"1.2": [0, 0, 2.5],
						"2.4": [0, 0, 0]
					},
					"position": [0, 0, 0]
				},
				"LeftForeArm": {
					"rotation": {
						"0.0": [0, 0, 0],
						"1.2": [-2.5, 0, 0],
						"2.4": [0, 0, 0]
					},
					"position": [0, 0, 0]
				},
				"rAm": {
					"rotation": {
						"0.0": [0, 0, 0],
						"1.2": [0, 0, -2.5],
						"2.4": [0, 0, 0]
					},
					"position": [0, 0, 0]
				},
				"RightForeArm": {
					"rotation": {
						"0.0": [0, 0, 0],
						"1.2": [-2.5, 0, 0],
						"2.4": [0, 0, 0]
					},
					"position": [0, 0, 0]
				},
				"lLe": {
					"rotation": [0, 0, 0],
					"position": [0, 0, 0]
				},
				"LeftLowerLeg": {
					"rotation": [0, 0, 0],
					"position": [0, 0, 0]
				},
				"LeftFoot": {
					"rotation": [0, 0, 0],
					"position": [0, 0, 0]
				},
				"rLe": {
					"rotation": [0, 0, 0],
					"position": [0, 0, 0]
				},
				"RightLowerLeg": {
					"rotation": [0, 0, 0],
					"position": [0, 0, 0]
				},
				"RightFoot": {
					"rotation": [0, 0, 0],
					"position": [0, 0, 0]
				},
				"AllBody": {
					"rotation": [0, 0, 0],
					"position": [0, 0, 0],
					"scale": 1
				},
				"AllHead": {
					"rotation": [0, 0, 0],
					"position": [0, 0, 0]
				},
				"cabeza": {
					"rotation": {
						"0.0": [0, 0, 0],
						"1.2": [5, 0, 0],
						"2.4": [0, 0, 0]
					},
					"position": [0, 0, 0]
				},
				"bone": {
					"rotation": {
						"0.0": [0, 0, 0],
						"2.4": [0, 0, 0]
					}
				}
			}
		},
		"animation.obito.jump": {
			"loop": true,
			"animation_length": 0.75,
			"bones": {
				"UpBody": {
					"rotation": {
						"0.0": [0, 0, 0],
						"0.0417": [0.08, 0, 0],
						"0.0833": [0.19, 0, 0],
						"0.125": [0.33, 0, 0],
						"0.1667": [0.49, 0, 0],
						"0.2083": [0.64, 0, 0],
						"0.25": [0.78, 0, 0],
						"0.2917": [0.89, 0, 0],
						"0.3333": [0.97, 0, 0],
						"0.375": [1, 0, 0],
						"0.4167": [0.97, 0, 0],
						"0.4583": [0.9, 0, 0],
						"0.5": [0.78, 0, 0],
						"0.5417": [0.64, 0, 0],
						"0.5833": [0.49, 0, 0],
						"0.625": [0.34, 0, 0],
						"0.6667": [0.2, 0, 0],
						"0.7083": [0.08, 0, 0],
						"0.75": [0, 0, 0]
					}
				},
				"lAm": {
					"rotation": {
						"0.0": [-6.8, 3.16, -40.19],
						"0.0417": [-6.89, 3.15, -40.32],
						"0.0833": [-7.03, 3.12, -40.52],
						"0.125": [-7.2, 3.09, -40.76],
						"0.1667": [-7.36, 3.06, -41.01],
						"0.2083": [-7.5, 3.04, -41.22],
						"0.25": [-7.6, 3.02, -41.37],
						"0.2917": [-7.62, 3.01, -41.43],
						"0.3333": [-7.54, 3.02, -41.35],
						"0.375": [-7.36, 3.05, -41.15],
						"0.4167": [-7.12, 3.08, -40.89],
						"0.4583": [-6.88, 3.11, -40.6],
						"0.5": [-6.68, 3.14, -40.35],
						"0.5417": [-6.55, 3.16, -40.19],
						"0.5833": [-6.52, 3.17, -40.11],
						"0.625": [-6.57, 3.17, -40.1],
						"0.6667": [-6.66, 3.17, -40.13],
						"0.7083": [-6.75, 3.16, -40.17],
						"0.75": [-6.8, 3.16, -40.19]
					}
				},
				"LeftForeArm": {
					"rotation": {
						"0.0": [-35, 0, 0],
						"0.0417": [-35.04, 0, 0],
						"0.0833": [-35.1, 0, 0],
						"0.125": [-35.17, 0, 0],
						"0.1667": [-35.24, 0, 0],
						"0.2083": [-35.32, 0, 0],
						"0.25": [-35.39, 0, 0],
						"0.2917": [-35.45, 0, 0],
						"0.3333": [-35.49, 0, 0],
						"0.375": [-35.5, 0, 0],
						"0.4167": [-35.48, 0, 0],
						"0.4583": [-35.44, 0, 0],
						"0.5": [-35.38, 0, 0],
						"0.5417": [-35.3, 0, 0],
						"0.5833": [-35.22, 0, 0],
						"0.625": [-35.14, 0, 0],
						"0.6667": [-35.07, 0, 0],
						"0.7083": [-35.02, 0, 0],
						"0.75": [-35, 0, 0]
					}
				},
				"rAm": {
					"rotation": [49.98637, 7.92639, 14.90636]
				},
				"RightForeArm": {
					"rotation": {
						"0.0": [-35, 0, 0],
						"0.0417": [-35.04, 0, 0],
						"0.0833": [-35.1, 0, 0],
						"0.125": [-35.17, 0, 0],
						"0.1667": [-35.24, 0, 0],
						"0.2083": [-35.32, 0, 0],
						"0.25": [-35.39, 0, 0],
						"0.2917": [-35.45, 0, 0],
						"0.3333": [-35.49, 0, 0],
						"0.375": [-35.5, 0, 0],
						"0.4167": [-35.48, 0, 0],
						"0.4583": [-35.44, 0, 0],
						"0.5": [-35.38, 0, 0],
						"0.5417": [-35.3, 0, 0],
						"0.5833": [-35.22, 0, 0],
						"0.625": [-35.14, 0, 0],
						"0.6667": [-35.07, 0, 0],
						"0.7083": [-35.02, 0, 0],
						"0.75": [-35, 0, 0]
					}
				},
				"lLe": {
					"rotation": {
						"0.0833": [-9, 0, 0],
						"0.125": [-8.98, -0.09, -0.01],
						"0.1667": [-8.95, -0.23, -0.02],
						"0.2083": [-8.91, -0.39, -0.04],
						"0.25": [-8.87, -0.56, -0.06],
						"0.2917": [-8.83, -0.73, -0.08],
						"0.3333": [-8.8, -0.87, -0.09],
						"0.375": [-8.78, -0.96, -0.1],
						"0.4167": [-8.77, -1, -0.11],
						"0.4583": [-8.78, -0.96, -0.1],
						"0.5": [-8.8, -0.87, -0.09],
						"0.5417": [-8.83, -0.73, -0.08],
						"0.5833": [-8.87, -0.56, -0.06],
						"0.625": [-8.91, -0.39, -0.04],
						"0.6667": [-8.95, -0.23, -0.02],
						"0.7083": [-8.98, -0.09, -0.01],
						"0.75": [-9, 0, 0]
					}
				},
				"LeftLowerLeg": {
					"rotation": {
						"0.125": [22.5, 0, 0],
						"0.1667": [22.73, 0, 0],
						"0.2083": [23.07, 0, 0],
						"0.25": [23.47, 0, 0],
						"0.2917": [23.91, 0, 0],
						"0.3333": [24.32, 0, 0],
						"0.375": [24.67, 0, 0],
						"0.4167": [24.91, 0, 0],
						"0.4583": [25, 0, 0],
						"0.5": [24.88, 0, 0],
						"0.5417": [24.58, 0, 0],
						"0.5833": [24.15, 0, 0],
						"0.625": [23.66, 0, 0],
						"0.6667": [23.18, 0, 0],
						"0.7083": [22.77, 0, 0],
						"0.75": [22.5, 0, 0]
					}
				},
				"LeftFoot": {
					"rotation": [43, 0, 0]
				},
				"rLe": {
					"rotation": {
						"0.0": [-66.5, 0, 0],
						"0.0417": [-66.34, 0, 0],
						"0.0833": [-66.11, 0, 0],
						"0.125": [-65.83, 0, 0],
						"0.1667": [-65.53, 0, 0],
						"0.2083": [-65.22, 0, 0],
						"0.25": [-64.94, 0, 0],
						"0.2917": [-64.71, 0, 0],
						"0.3333": [-64.56, 0, 0],
						"0.375": [-64.5, 0, 0],
						"0.4167": [-64.56, 0, 0],
						"0.4583": [-64.71, 0, 0],
						"0.5": [-64.94, 0, 0],
						"0.5417": [-65.22, 0, 0],
						"0.5833": [-65.53, 0, 0],
						"0.625": [-65.83, 0, 0],
						"0.6667": [-66.11, 0, 0],
						"0.7083": [-66.34, 0, 0],
						"0.75": [-66.5, 0, 0]
					}
				},
				"RightLowerLeg": {
					"rotation": {
						"0.0833": [120, 0, 0],
						"0.125": [119.61, 0, 0],
						"0.1667": [119.03, 0, 0],
						"0.2083": [118.33, 0, 0],
						"0.25": [117.57, 0, 0],
						"0.2917": [116.81, 0, 0],
						"0.3333": [116.11, 0, 0],
						"0.375": [115.53, 0, 0],
						"0.4167": [115.14, 0, 0],
						"0.4583": [115, 0, 0],
						"0.5": [115.23, 0, 0],
						"0.5417": [115.85, 0, 0],
						"0.5833": [116.71, 0, 0],
						"0.625": [117.68, 0, 0],
						"0.6667": [118.64, 0, 0],
						"0.7083": [119.46, 0, 0],
						"0.75": [120, 0, 0]
					}
				},
				"RightFoot": {
					"rotation": {
						"0.0": [-2, 0, 0],
						"0.0417": [-1.8, 0, 0],
						"0.0833": [-1.52, 0, 0],
						"0.125": [-1.17, 0, 0],
						"0.1667": [-0.79, 0, 0],
						"0.2083": [-0.41, 0, 0],
						"0.25": [-0.06, 0, 0],
						"0.2917": [0.23, 0, 0],
						"0.3333": [0.43, 0, 0],
						"0.375": [0.5, 0, 0],
						"0.4167": [0.43, 0, 0],
						"0.4583": [0.23, 0, 0],
						"0.5": [-0.06, 0, 0],
						"0.5417": [-0.41, 0, 0],
						"0.5833": [-0.79, 0, 0],
						"0.625": [-1.17, 0, 0],
						"0.6667": [-1.52, 0, 0],
						"0.7083": [-1.8, 0, 0],
						"0.75": [-2, 0, 0]
					}
				},
				"cabeza": {
					"rotation": {
						"0.0": [0, 0, 0],
						"0.0417": [-0.08, 0, 0],
						"0.0833": [-0.19, 0, 0],
						"0.125": [-0.33, 0, 0],
						"0.1667": [-0.49, 0, 0],
						"0.2083": [-0.64, 0, 0],
						"0.25": [-0.78, 0, 0],
						"0.2917": [-0.89, 0, 0],
						"0.3333": [-0.97, 0, 0],
						"0.375": [-1, 0, 0],
						"0.4167": [-0.97, 0, 0],
						"0.4583": [-0.89, 0, 0],
						"0.5": [-0.78, 0, 0],
						"0.5417": [-0.64, 0, 0],
						"0.5833": [-0.49, 0, 0],
						"0.625": [-0.33, 0, 0],
						"0.6667": [-0.19, 0, 0],
						"0.7083": [-0.08, 0, 0],
						"0.75": [0, 0, 0]
					}
				},
				"DownBody": {
					"rotation": [0, 0, 0]
				}
			}
		},
		"animation.obito.fly": {
			"loop": true,
			"animation_length": 0.75,
			"bones": {
				"UpBody": {
					"rotation": {
						"0.0": [0, 0, 0],
						"0.0417": [0.08, 0, 0],
						"0.0833": [0.19, 0, 0],
						"0.125": [0.33, 0, 0],
						"0.1667": [0.49, 0, 0],
						"0.2083": [0.64, 0, 0],
						"0.25": [0.78, 0, 0],
						"0.2917": [0.89, 0, 0],
						"0.3333": [0.97, 0, 0],
						"0.375": [1, 0, 0],
						"0.4167": [0.97, 0, 0],
						"0.4583": [0.9, 0, 0],
						"0.5": [0.78, 0, 0],
						"0.5417": [0.64, 0, 0],
						"0.5833": [0.49, 0, 0],
						"0.625": [0.34, 0, 0],
						"0.6667": [0.2, 0, 0],
						"0.7083": [0.08, 0, 0],
						"0.75": [0, 0, 0]
					}
				},
				"lAm": {
					"rotation": {
						"0.0": [-6.8, 3.16, -40.19],
						"0.0417": [-6.89, 3.15, -40.32],
						"0.0833": [-7.03, 3.12, -40.52],
						"0.125": [-7.2, 3.09, -40.76],
						"0.1667": [-7.36, 3.06, -41.01],
						"0.2083": [-7.5, 3.04, -41.22],
						"0.25": [-7.6, 3.02, -41.37],
						"0.2917": [-7.62, 3.01, -41.43],
						"0.3333": [-7.54, 3.02, -41.35],
						"0.375": [-7.36, 3.05, -41.15],
						"0.4167": [-7.12, 3.08, -40.89],
						"0.4583": [-6.88, 3.11, -40.6],
						"0.5": [-6.68, 3.14, -40.35],
						"0.5417": [-6.55, 3.16, -40.19],
						"0.5833": [-6.52, 3.17, -40.11],
						"0.625": [-6.57, 3.17, -40.1],
						"0.6667": [-6.66, 3.17, -40.13],
						"0.7083": [-6.75, 3.16, -40.17],
						"0.75": [-6.8, 3.16, -40.19]
					}
				},
				"LeftForeArm": {
					"rotation": {
						"0.0": [-35, 0, 0],
						"0.0417": [-35.04, 0, 0],
						"0.0833": [-35.1, 0, 0],
						"0.125": [-35.17, 0, 0],
						"0.1667": [-35.24, 0, 0],
						"0.2083": [-35.32, 0, 0],
						"0.25": [-35.39, 0, 0],
						"0.2917": [-35.45, 0, 0],
						"0.3333": [-35.49, 0, 0],
						"0.375": [-35.5, 0, 0],
						"0.4167": [-35.48, 0, 0],
						"0.4583": [-35.44, 0, 0],
						"0.5": [-35.38, 0, 0],
						"0.5417": [-35.3, 0, 0],
						"0.5833": [-35.22, 0, 0],
						"0.625": [-35.14, 0, 0],
						"0.6667": [-35.07, 0, 0],
						"0.7083": [-35.02, 0, 0],
						"0.75": [-35, 0, 0]
					}
				},
				"rAm": {
					"rotation": {
						"0.0": [-6.8, -3.16, 40.19],
						"0.0417": [-6.87, -3.15, 40.29],
						"0.0833": [-6.96, -3.13, 40.43],
						"0.125": [-7.08, -3.11, 40.6],
						"0.1667": [-7.2, -3.09, 40.79],
						"0.2083": [-7.33, -3.07, 40.98],
						"0.25": [-7.44, -3.05, 41.15],
						"0.2917": [-7.53, -3.03, 41.3],
						"0.3333": [-7.6, -3.02, 41.4],
						"0.375": [-7.62, -3.01, 41.43],
						"0.4167": [-7.59, -3.02, 41.39],
						"0.4583": [-7.52, -3.03, 41.27],
						"0.5": [-7.41, -3.05, 41.11],
						"0.5417": [-7.28, -3.08, 40.91],
						"0.5833": [-7.15, -3.1, 40.71],
						"0.625": [-7.02, -3.12, 40.51],
						"0.6667": [-6.91, -3.14, 40.35],
						"0.7083": [-6.83, -3.16, 40.23],
						"0.75": [-6.8, -3.16, 40.19]
					}
				},
				"RightForeArm": {
					"rotation": {
						"0.0": [-35, 0, 0],
						"0.0417": [-35.04, 0, 0],
						"0.0833": [-35.1, 0, 0],
						"0.125": [-35.17, 0, 0],
						"0.1667": [-35.24, 0, 0],
						"0.2083": [-35.32, 0, 0],
						"0.25": [-35.39, 0, 0],
						"0.2917": [-35.45, 0, 0],
						"0.3333": [-35.49, 0, 0],
						"0.375": [-35.5, 0, 0],
						"0.4167": [-35.48, 0, 0],
						"0.4583": [-35.44, 0, 0],
						"0.5": [-35.38, 0, 0],
						"0.5417": [-35.3, 0, 0],
						"0.5833": [-35.22, 0, 0],
						"0.625": [-35.14, 0, 0],
						"0.6667": [-35.07, 0, 0],
						"0.7083": [-35.02, 0, 0],
						"0.75": [-35, 0, 0]
					}
				},
				"lLe": {
					"rotation": {
						"0.0833": [-9, 0, 0],
						"0.125": [-8.98, -0.09, -0.01],
						"0.1667": [-8.95, -0.23, -0.02],
						"0.2083": [-8.91, -0.39, -0.04],
						"0.25": [-8.87, -0.56, -0.06],
						"0.2917": [-8.83, -0.73, -0.08],
						"0.3333": [-8.8, -0.87, -0.09],
						"0.375": [-8.78, -0.96, -0.1],
						"0.4167": [-8.77, -1, -0.11],
						"0.4583": [-8.78, -0.96, -0.1],
						"0.5": [-8.8, -0.87, -0.09],
						"0.5417": [-8.83, -0.73, -0.08],
						"0.5833": [-8.87, -0.56, -0.06],
						"0.625": [-8.91, -0.39, -0.04],
						"0.6667": [-8.95, -0.23, -0.02],
						"0.7083": [-8.98, -0.09, -0.01],
						"0.75": [-9, 0, 0]
					}
				},
				"LeftLowerLeg": {
					"rotation": {
						"0.125": [22.5, 0, 0],
						"0.1667": [22.73, 0, 0],
						"0.2083": [23.07, 0, 0],
						"0.25": [23.47, 0, 0],
						"0.2917": [23.91, 0, 0],
						"0.3333": [24.32, 0, 0],
						"0.375": [24.67, 0, 0],
						"0.4167": [24.91, 0, 0],
						"0.4583": [25, 0, 0],
						"0.5": [24.88, 0, 0],
						"0.5417": [24.58, 0, 0],
						"0.5833": [24.15, 0, 0],
						"0.625": [23.66, 0, 0],
						"0.6667": [23.18, 0, 0],
						"0.7083": [22.77, 0, 0],
						"0.75": [22.5, 0, 0]
					}
				},
				"LeftFoot": {
					"rotation": [43, 0, 0]
				},
				"rLe": {
					"rotation": {
						"0.0": [-66.5, 0, 0],
						"0.0417": [-66.34, 0, 0],
						"0.0833": [-66.11, 0, 0],
						"0.125": [-65.83, 0, 0],
						"0.1667": [-65.53, 0, 0],
						"0.2083": [-65.22, 0, 0],
						"0.25": [-64.94, 0, 0],
						"0.2917": [-64.71, 0, 0],
						"0.3333": [-64.56, 0, 0],
						"0.375": [-64.5, 0, 0],
						"0.4167": [-64.56, 0, 0],
						"0.4583": [-64.71, 0, 0],
						"0.5": [-64.94, 0, 0],
						"0.5417": [-65.22, 0, 0],
						"0.5833": [-65.53, 0, 0],
						"0.625": [-65.83, 0, 0],
						"0.6667": [-66.11, 0, 0],
						"0.7083": [-66.34, 0, 0],
						"0.75": [-66.5, 0, 0]
					}
				},
				"RightLowerLeg": {
					"rotation": {
						"0.0833": [120, 0, 0],
						"0.125": [119.61, 0, 0],
						"0.1667": [119.03, 0, 0],
						"0.2083": [118.33, 0, 0],
						"0.25": [117.57, 0, 0],
						"0.2917": [116.81, 0, 0],
						"0.3333": [116.11, 0, 0],
						"0.375": [115.53, 0, 0],
						"0.4167": [115.14, 0, 0],
						"0.4583": [115, 0, 0],
						"0.5": [115.23, 0, 0],
						"0.5417": [115.85, 0, 0],
						"0.5833": [116.71, 0, 0],
						"0.625": [117.68, 0, 0],
						"0.6667": [118.64, 0, 0],
						"0.7083": [119.46, 0, 0],
						"0.75": [120, 0, 0]
					}
				},
				"RightFoot": {
					"rotation": {
						"0.0": [-2, 0, 0],
						"0.0417": [-1.8, 0, 0],
						"0.0833": [-1.52, 0, 0],
						"0.125": [-1.17, 0, 0],
						"0.1667": [-0.79, 0, 0],
						"0.2083": [-0.41, 0, 0],
						"0.25": [-0.06, 0, 0],
						"0.2917": [0.23, 0, 0],
						"0.3333": [0.43, 0, 0],
						"0.375": [0.5, 0, 0],
						"0.4167": [0.43, 0, 0],
						"0.4583": [0.23, 0, 0],
						"0.5": [-0.06, 0, 0],
						"0.5417": [-0.41, 0, 0],
						"0.5833": [-0.79, 0, 0],
						"0.625": [-1.17, 0, 0],
						"0.6667": [-1.52, 0, 0],
						"0.7083": [-1.8, 0, 0],
						"0.75": [-2, 0, 0]
					}
				},
				"cabeza": {
					"rotation": {
						"0.0": [0, 0, 0],
						"0.0417": [-0.08, 0, 0],
						"0.0833": [-0.19, 0, 0],
						"0.125": [-0.33, 0, 0],
						"0.1667": [-0.49, 0, 0],
						"0.2083": [-0.64, 0, 0],
						"0.25": [-0.78, 0, 0],
						"0.2917": [-0.89, 0, 0],
						"0.3333": [-0.97, 0, 0],
						"0.375": [-1, 0, 0],
						"0.4167": [-0.97, 0, 0],
						"0.4583": [-0.89, 0, 0],
						"0.5": [-0.78, 0, 0],
						"0.5417": [-0.64, 0, 0],
						"0.5833": [-0.49, 0, 0],
						"0.625": [-0.33, 0, 0],
						"0.6667": [-0.19, 0, 0],
						"0.7083": [-0.08, 0, 0],
						"0.75": [0, 0, 0]
					}
				},
				"DownBody": {
					"rotation": [0, 0, 0]
				}
			}
		},
		"animation.obito.run": {
			"loop": true,
			"animation_length": 0.6667,
			"bones": {
				"model": {
					"rotation": {
						"0.0": [0, 0, 0],
						"0.0417": [0, 0, 0],
						"0.0833": [0, 0, 0],
						"0.125": [0, 0, 0],
						"0.1667": [0, 0, 0],
						"0.2083": [0, 0, 0],
						"0.25": [0, 0, 0],
						"0.2917": [0, 0, 0],
						"0.3333": [0, 0, 0]
					},
					"position": {
						"0.0": [0, -1.23, 0],
						"0.0417": [0, -1.67, 0],
						"0.0833": [0, -1.96, 0],
						"0.125": [0, -1.37, 0],
						"0.1667": [0, -0.74, 0],
						"0.2083": [0, -0.73, 0],
						"0.25": [0, -0.86, 0],
						"0.2917": [0, -1.05, 0],
						"0.3333": [0, -1.23, 0],
						"0.375": [0, -1.7, 0],
						"0.4167": [0, -1.96, 0],
						"0.4583": [0, -1.37, 0],
						"0.5": [0, -0.74, 0],
						"0.5417": [0, -0.67, 0],
						"0.5833": [0, -0.69, 0],
						"0.625": [0, -0.86, 0],
						"0.6667": [0, -1.23, 0]
					}
				},
				"UpBody": {
					"rotation": [40.65, 0, 0],
					"position": {
						"0.0": [0, 0, -1],
						"0.0417": [0, 0, -1],
						"0.0833": [0, 0, -1],
						"0.125": [0, 0, -1],
						"0.1667": [0, 0, -1],
						"0.2083": [0, 0, -1],
						"0.25": [0, 0, -1],
						"0.2917": [0, 0, -1],
						"0.3333": [0, 0, -1],
						"0.375": [0, 0, -1],
						"0.4167": [0, 0, -1],
						"0.4583": [0, 0, -1],
						"0.5": [0, 0, -1],
						"0.5417": [0, 0, -1],
						"0.5833": [0, 0, -1],
						"0.625": [0, 0, -1],
						"0.6667": [0, 0, -1]
					}
				},
				"lAm": {
					"rotation": {
						"0.0": [-15.80055, 2.02305, -14.50186],
						"0.125": [-20.8, 2.02, -14.5],
						"0.25": [-15.8, 2.02, -14.5],
						"0.375": [-20.8, 2.02, -14.5],
						"0.5": [-15.8, 2.02, -14.5]
					},
					"position": [0, 0, 0]
				},
				"LeftForeArm": {
					"rotation": [-21.83, 0, 0],
					"position": [0, 0, 0]
				},
				"rAm": {
					"rotation": [42.83, 6, 0],
					"position": {
						"0.0": [0, 0, 0],
						"0.0417": [0, 0, 0],
						"0.0833": [0, 0, 0],
						"0.125": [0, 0, 0],
						"0.1667": [0, 0, 0],
						"0.2083": [0, 0, 0],
						"0.25": [0, 0, 0],
						"0.2917": [0, 0, 0],
						"0.3333": [0, 0, 0],
						"0.375": [0, 0, 0],
						"0.4167": [0, 0, 0],
						"0.4583": [0, 0, 0],
						"0.5": [0, 0, 0],
						"0.5417": [0, 0, 0],
						"0.5833": [0, 0, 0],
						"0.625": [0, 0, 0],
						"0.6667": [0, 0, 0]
					}
				},
				"RightForeArm": {
					"rotation": [-24.11168, 47.40741, -18.23661],
					"position": {
						"0.0": [0, 0, 0],
						"0.0417": [0, 0, 0],
						"0.0833": [0, 0, 0],
						"0.125": [0, 0, 0],
						"0.1667": [0, 0, 0],
						"0.2083": [0, 0, 0],
						"0.25": [0, 0, 0],
						"0.2917": [0, 0, 0],
						"0.3333": [0, 0, 0],
						"0.375": [0, 0, 0],
						"0.4167": [0, 0, 0],
						"0.4583": [0, 0, 0],
						"0.5": [0, 0, 0],
						"0.5417": [0, 0, 0],
						"0.5833": [0, 0, 0],
						"0.625": [0, 0, 0],
						"0.6667": [0, 0, 0]
					}
				},
				"lLe": {
					"rotation": {
						"0.0": [-55.24, 0, 0],
						"0.0417": [-53.9, 0, 0],
						"0.0833": [-46.03, 0, 0],
						"0.125": [-22.06, 0, 0],
						"0.1667": [6.14, 0, 0],
						"0.2083": [24.2, 0, 0],
						"0.25": [41.25, 0, 0],
						"0.2917": [49.1, 0, 0],
						"0.3333": [34.92, 0, 0],
						"0.375": [9.21, 0, 0],
						"0.4167": [-16.89, 0, 0],
						"0.4583": [-39.9, 0, 0],
						"0.5": [-45.37, 0, 0],
						"0.5417": [-49.2, 0, 0],
						"0.5833": [-51.83, 0, 0],
						"0.625": [-53.69, 0, 0],
						"0.6667": [-55.24, 0, 0]
					},
					"position": {
						"0.0": [0, 0, 0],
						"0.0417": [0, 0, 0],
						"0.0833": [0, 0, 0],
						"0.125": [0, 0, 0],
						"0.1667": [0, 0, 0],
						"0.2083": [0, 0, 0],
						"0.25": [0, 0, 0],
						"0.2917": [0, 0, 0],
						"0.3333": [0, 0, 0],
						"0.375": [0, 0, 0],
						"0.4167": [0, 0, 0],
						"0.4583": [0, 0, 0],
						"0.5": [0, 0, 0],
						"0.5417": [0, 0, 0],
						"0.5833": [0, 0, 0],
						"0.625": [0, 0, 0],
						"0.6667": [0, 0, 0]
					}
				},
				"LeftLowerLeg": {
					"rotation": {
						"0.0": [3.07, 0, 0],
						"0.0417": [10, 0, 0],
						"0.0833": [19.32, 0, 0],
						"0.125": [24.55, 0, 0],
						"0.1667": [17.07, 0, 0],
						"0.2083": [9.21, 0, 0],
						"0.25": [12.08, 0, 0],
						"0.2917": [27.62, 0, 0],
						"0.3333": [71.91, 0, 0],
						"0.375": [113.55, 0, 0],
						"0.4167": [124.1, 0, 0],
						"0.4583": [110.48, 0, 0],
						"0.5": [93.95, 0, 0],
						"0.5417": [69.87, 0, 0],
						"0.5833": [43.31, 0, 0],
						"0.625": [19.36, 0, 0],
						"0.6667": [3.07, 0, 0]
					},
					"position": {
						"0.0": [0, 0, 0],
						"0.0417": [0, 0, 0],
						"0.0833": [0, 0, 0],
						"0.125": [0, 0, 0],
						"0.1667": [0, 0, 0],
						"0.2083": [0, 0, 0],
						"0.25": [0, 0, 0],
						"0.2917": [0, 0, 0],
						"0.3333": [0, 0, 0],
						"0.375": [0, 0, 0],
						"0.4167": [0, 0, 0],
						"0.4583": [0, 0, 0],
						"0.5": [0, 0, 0],
						"0.5417": [0, 0, 0],
						"0.5833": [0, 0, 0],
						"0.625": [0, 0, 0],
						"0.6667": [0, 0, 0]
					}
				},
				"LeftFoot": {
					"rotation": {
						"0.0": [-6.14, 0, 0],
						"0.0417": [3.41, 0, 0],
						"0.0833": [16.03, 0, 0],
						"0.125": [21.48, 0, 0],
						"0.1667": [0.95, 0, 0],
						"0.2083": [-15.35, 0, 0],
						"0.25": [1.04, 0, 0],
						"0.2917": [28.32, 0, 0],
						"0.3333": [46.04, 0, 0],
						"0.375": [46.01, 0, 0],
						"0.4167": [39.32, 0, 0],
						"0.4583": [29.85, 0, 0],
						"0.5": [21.48, 0, 0],
						"0.5417": [14.15, 0, 0],
						"0.5833": [6.14, 0, 0],
						"0.625": [-1.1, 0, 0],
						"0.6667": [-6.14, 0, 0]
					},
					"position": {
						"0.0": [0, 0, 0],
						"0.0417": [0, 0, 0],
						"0.0833": [0, 0, 0],
						"0.125": [0, 0, 0],
						"0.1667": [0, 0, 0],
						"0.2083": [0, 0, 0],
						"0.25": [0, 0, 0],
						"0.2917": [0, 0, 0],
						"0.3333": [0, 0, 0],
						"0.375": [0, 0, 0],
						"0.4167": [0, 0, 0],
						"0.4583": [0, 0, 0],
						"0.5": [0, 0, 0],
						"0.5417": [0, 0, 0],
						"0.5833": [0, 0, 0],
						"0.625": [0, 0, 0],
						"0.6667": [0, 0, 0]
					}
				},
				"rLe": {
					"rotation": {
						"0.0": [30.69, 0, 0],
						"0.0417": [19.56, 0, 0],
						"0.0833": [3.07, 0, 0],
						"0.125": [-19.18, 0, 0],
						"0.1667": [-39.9, 0, 0],
						"0.2083": [-46.25, 0, 0],
						"0.25": [-50.83, 0, 0],
						"0.2917": [-53.78, 0, 0],
						"0.3333": [-55.24, 0, 0],
						"0.375": [-54.86, 0, 0],
						"0.4167": [-46.03, 0, 0],
						"0.4583": [-20.92, 0, 0],
						"0.5": [6.14, 0, 0],
						"0.5417": [14.79, 0, 0],
						"0.5833": [21.67, 0, 0],
						"0.625": [26.92, 0, 0],
						"0.6667": [30.69, 0, 0]
					},
					"position": {
						"0.0": [0, 0, 0],
						"0.0417": [0, 0, 0],
						"0.0833": [0, 0, 0],
						"0.125": [0, 0, 0],
						"0.1667": [0, 0, 0],
						"0.2083": [0, 0, 0],
						"0.25": [0, 0, 0],
						"0.2917": [0, 0, 0],
						"0.3333": [0, 0, 0],
						"0.375": [0, 0, 0],
						"0.4167": [0, 0, 0],
						"0.4583": [0, 0, 0],
						"0.5": [0, 0, 0],
						"0.5417": [0, 0, 0],
						"0.5833": [0, 0, 0],
						"0.625": [0, 0, 0],
						"0.6667": [0, 0, 0]
					}
				},
				"RightLowerLeg": {
					"rotation": {
						"0.0": [67.52, 0, 0],
						"0.0417": [90.55, 0, 0],
						"0.0833": [113.55, 0, 0],
						"0.125": [122.18, 0, 0],
						"0.1667": [113.55, 0, 0],
						"0.2083": [94.79, 0, 0],
						"0.25": [67.33, 0, 0],
						"0.2917": [39.96, 0, 0],
						"0.3333": [21.48, 0, 0],
						"0.375": [18.22, 0, 0],
						"0.4167": [24.55, 0, 0],
						"0.4583": [13.43, 0, 0],
						"0.5": [9.21, 0, 0],
						"0.5417": [19.97, 0, 0],
						"0.5833": [37.4, 0, 0],
						"0.625": [55.3, 0, 0],
						"0.6667": [67.52, 0, 0]
					},
					"position": {
						"0.0": [0, 0, 0],
						"0.0417": [0, 0, 0],
						"0.0833": [0, 0, 0],
						"0.125": [0, 0, 0],
						"0.1667": [0, 0, 0],
						"0.2083": [0, 0, 0],
						"0.25": [0, 0, 0],
						"0.2917": [0, 0, 0],
						"0.3333": [0, 0, 0],
						"0.375": [0, 0, 0],
						"0.4167": [0, 0, 0],
						"0.4583": [0, 0, 0],
						"0.5": [0, 0, 0],
						"0.5417": [0, 0, 0],
						"0.5833": [0, 0, 0],
						"0.625": [0, 0, 0],
						"0.6667": [0, 0, 0]
					}
				},
				"RightFoot": {
					"rotation": {
						"0.0": [46.04, 0, 0],
						"0.0417": [54.11, 0, 0],
						"0.0833": [64.22, 0, 0],
						"0.125": [64.45, 0, 0],
						"0.1667": [54.55, 0, 0],
						"0.2083": [38.2, 0, 0],
						"0.25": [19.73, 0, 0],
						"0.2917": [3.5, 0, 0],
						"0.3333": [-6.14, 0, 0],
						"0.375": [2.11, 0, 0],
						"0.4167": [15.35, 0, 0],
						"0.4583": [-2.48, 0, 0],
						"0.5": [-15.35, 0, 0],
						"0.5417": [-5.04, 0, 0],
						"0.5833": [13.42, 0, 0],
						"0.625": [32.84, 0, 0],
						"0.6667": [46.04, 0, 0]
					},
					"position": {
						"0.0": [0, 0, 0],
						"0.0417": [0, 0, 0],
						"0.0833": [0, 0, 0],
						"0.125": [0, 0, 0],
						"0.1667": [0, 0, 0],
						"0.2083": [0, 0, 0],
						"0.25": [0, 0, 0],
						"0.2917": [0, 0, 0],
						"0.3333": [0, 0, 0],
						"0.375": [0, 0, 0],
						"0.4167": [0, 0, 0],
						"0.4583": [0, 0, 0],
						"0.5": [0, 0, 0],
						"0.5417": [0, 0, 0],
						"0.5833": [0, 0, 0],
						"0.625": [0, 0, 0],
						"0.6667": [0, 0, 0]
					}
				},
				"AllBody": {
					"rotation": [0, 0, 0],
					"position": [0, 0, 0],
					"scale": 1
				},
				"AllHead": {
					"rotation": {
						"0.0": [0, 0, 0],
						"0.0417": [-3.07, 0, 0],
						"0.0833": [0.19, 0, 0],
						"0.125": [5.37, 0, 0],
						"0.1667": [10.17, 0, 0],
						"0.2083": [12.28, 0, 0],
						"0.25": [8.29, 0, 0],
						"0.2917": [0.9, 0, 0],
						"0.3333": [-3.07, 0, 0],
						"0.375": [-0.74, 0, 0],
						"0.4167": [4.41, 0, 0],
						"0.4583": [9.66, 0, 0],
						"0.5": [12.28, 0, 0],
						"0.5417": [10.86, 0, 0],
						"0.5833": [7.1, 0, 0],
						"0.625": [2.86, 0, 0],
						"0.6667": [0, 0, 0]
					}
				},
				"DownBody": {
					"rotation": {
						"0.0": [-6.14, 0, 0],
						"0.0417": [-3.26, 0, 0],
						"0.0833": [0, 0, 0],
						"0.125": [1.71, 0, 0],
						"0.1667": [3.07, 0, 0],
						"0.2083": [3.07, 0, 0],
						"0.25": [0.34, 0, 0],
						"0.2917": [-3.75, 0, 0],
						"0.3333": [-6.14, 0, 0],
						"0.375": [-3.84, 0, 0],
						"0.4167": [0, 0, 0],
						"0.4583": [1.7, 0, 0],
						"0.5": [3.07, 0, 0],
						"0.5417": [3.07, 0, 0],
						"0.5833": [0.57, 0, 0],
						"0.625": [-3.29, 0, 0],
						"0.6667": [-6.14, 0, 0]
					}
				},
				"cabeza": {
					"rotation": {
						"0.0": [-25.48, 0, 0],
						"0.0417": [-22.41, 0, 0],
						"0.0833": [-24.91, 0, 0],
						"0.125": [-28.94, 0, 0],
						"0.1667": [-32.77, 0, 0],
						"0.2083": [-34.69, 0, 0],
						"0.25": [-31.05, 0, 0],
						"0.2917": [-25.48, 0, 0],
						"0.3333": [-22.41, 0, 0],
						"0.375": [-24.91, 0, 0],
						"0.4167": [-28.94, 0, 0],
						"0.4583": [-32.77, 0, 0],
						"0.5": [-34.69, 0, 0],
						"0.5417": [-33.68, 0, 0],
						"0.5833": [-30.86, 0, 0],
						"0.625": [-27.64, 0, 0],
						"0.6667": [-25.48, 0, 0]
					}
				},
				"dao": {
					"rotation": [77.5, 0, 0],
					"position": [0, -2.6, 3]
				},
				"bone": {
					"rotation": [50, 0, 0],
					"position": {
						"0.0": [0, 0, -2],
						"0.2083": [0, 0, -2]
					}
				}
			}
		},
		"animation.obito.walk": {
			"loop": true,
			"animation_length": 2,
			"bones": {
				"model": {
					"rotation": {
						"0.0": [0, 0, 0],
						"0.0833": [0, 0, 0],
						"0.1667": [0, 0, 0],
						"0.25": [0, 0, 0],
						"0.3333": [0, 0, 0],
						"0.4167": [0, 0, 0],
						"0.5": [0, 0, 0],
						"1.0": [0, 0, 0],
						"1.0833": [0, 0, 0],
						"1.1667": [0, 0, 0],
						"1.25": [0, 0, 0],
						"1.3333": [0, 0, 0],
						"1.4167": [0, 0, 0],
						"1.5": [0, 0, 0]
					},
					"position": {
						"0.0": [0, -0.5, 0],
						"0.0833": [0.06, -0.66, 0],
						"0.125": [0.1, -0.7, 0],
						"0.1667": [0.16, -0.63, 0],
						"0.25": [0.27, -0.39, 0],
						"0.3333": [0.24, -0.22, 0],
						"0.375": [0.2, -0.2, 0],
						"0.4167": [0.14, -0.27, 0],
						"0.5": [0, -0.5, 0],
						"0.5833": [-0.07, -0.67, 0],
						"0.625": [-0.1, -0.7, 0],
						"0.6667": [-0.16, -0.63, 0],
						"0.75": [-0.27, -0.39, 0],
						"0.8333": [-0.24, -0.22, 0],
						"0.875": [-0.2, -0.2, 0],
						"0.9167": [-0.14, -0.28, 0],
						"1.0": [0, -0.5, 0],
						"1.0833": [0.06, -0.66, 0],
						"1.125": [0.1, -0.7, 0],
						"1.1667": [0.16, -0.63, 0],
						"1.25": [0.27, -0.39, 0],
						"1.3333": [0.24, -0.22, 0],
						"1.375": [0.2, -0.2, 0],
						"1.4167": [0.14, -0.27, 0],
						"1.5": [0, -0.5, 0],
						"1.5833": [-0.07, -0.67, 0],
						"1.625": [-0.1, -0.7, 0],
						"1.6667": [-0.16, -0.63, 0],
						"1.75": [-0.27, -0.39, 0],
						"1.8333": [-0.24, -0.22, 0],
						"1.875": [-0.2, -0.2, 0],
						"1.9167": [-0.14, -0.28, 0],
						"2.0": [0, -0.5, 0]
					},
					"scale": {
						"0.0": [1, 1, 1],
						"1.0": [1, 1, 1]
					}
				},
				"UpBody": {
					"rotation": {
						"0.0": [0, -2, 0],
						"0.0833": [0.02, -1.13, 0.78],
						"0.125": [0.02, -0.5, 1],
						"0.1667": [0.02, -0.24, 0.97],
						"0.25": [0.02, 0.41, 0.81],
						"0.3333": [0.01, 1.11, 0.55],
						"0.4167": [0, 1.69, 0.26],
						"0.5": [0, 2, 0],
						"0.5833": [0.02, 1.22, -0.81],
						"0.625": [0.02, 0.5, -1],
						"0.6667": [0.02, 0.24, -0.97],
						"0.75": [0.02, -0.47, -0.79],
						"0.8333": [0.01, -1.22, -0.51],
						"0.9167": [0, -1.81, -0.22],
						"1.0": [0, -2, 0],
						"1.0833": [0.02, -1.13, 0.78],
						"1.125": [0.02, -0.5, 1],
						"1.1667": [0.02, -0.24, 0.97],
						"1.25": [0.02, 0.41, 0.81],
						"1.3333": [0.01, 1.11, 0.55],
						"1.4167": [0, 1.69, 0.26],
						"1.5": [0, 2, 0],
						"1.5833": [0.02, 0.5, -1],
						"1.625": [0.02, 0.5, -1],
						"1.6667": [0.02, 0.24, -0.97],
						"1.75": [0.02, 0.24, -0.97],
						"1.8333": [0.01, -1.22, -0.51],
						"1.9167": [0, -1.81, -0.22],
						"2.0": [0, -2, 0]
					},
					"position": [0, 0, 0]
				},
				"lAm": {
					"rotation": {
						"0.0": [15, 0, -2],
						"0.0833": [11.04, 0, -2],
						"0.1667": [5, 0, -2],
						"0.25": [-1.87, 0, -2],
						"0.3333": [-8.33, 0, -2],
						"0.4167": [-13.12, 0, -2],
						"0.5": [-15, 0, -2],
						"0.5833": [-13.13, 0, -2],
						"0.6667": [-8.33, 0, -2],
						"0.75": [-1.87, 0, -2],
						"0.8333": [5, 0, -2],
						"0.9167": [11.04, 0, -2],
						"1.0": [15, 0, -2],
						"1.0833": [11.04, 0, -2],
						"1.1667": [5, 0, -2],
						"1.25": [-1.87, 0, -2],
						"1.3333": [-8.33, 0, -2],
						"1.4167": [-13.12, 0, -2],
						"1.5": [-15, 0, -2],
						"1.5833": [-13.13, 0, -2],
						"1.6667": [-8.33, 0, -2],
						"1.75": [-1.87, 0, -2],
						"1.8333": [5, 0, -2],
						"1.9167": [11.04, 0, -2],
						"2.0": [15, 0, -2]
					},
					"position": [0, 0, 0]
				},
				"LeftForeArm": {
					"rotation": {
						"0.0": [-7.5, 0, 8],
						"0.0833": [-11.31, 0, 8],
						"0.1667": [-16.9, 0, 8],
						"0.25": [-22.31, 0, 8],
						"0.3333": [-25.59, 0, 8],
						"0.4167": [-24.71, 0, 8],
						"0.5": [-20, 0, 8],
						"0.5833": [-18.09, 0, 8],
						"0.6667": [-15.61, 0, 8],
						"0.75": [-12.94, 0, 8],
						"0.8333": [-10.46, 0, 8],
						"0.9167": [-8.52, 0, 8],
						"1.0": [-7.5, 0, 8],
						"1.0833": [-11.31, 0, 8],
						"1.1667": [-16.9, 0, 8],
						"1.25": [-22.31, 0, 8],
						"1.3333": [-25.59, 0, 8],
						"1.4167": [-24.71, 0, 8],
						"1.5": [-20, 0, 8],
						"1.5833": [-18.09, 0, 8],
						"1.6667": [-15.61, 0, 8],
						"1.75": [-12.94, 0, 8],
						"1.8333": [-10.46, 0, 8],
						"1.9167": [-8.52, 0, 8],
						"2.0": [-7.5, 0, 8]
					},
					"position": [0, 0, 0]
				},
				"rAm": {
					"rotation": [47.25471, -5.52235, 5.08269],
					"position": [0, 0, 0]
				},
				"RightForeArm": {
					"rotation": [-19.89769, 50.33155, -26.03345],
					"position": [0, 0, 0]
				},
				"lLe": {
					"rotation": {
						"0.0": [-30, -2, 0],
						"0.0833": [-28.65, -2.26, -0.45],
						"0.125": [-25.97, -2.36, -0.66],
						"0.1667": [-20.58, -2.4, -0.73],
						"0.25": [-5.97, -2.36, -0.87],
						"0.3333": [10.25, -2.1, -1.6],
						"0.375": [16.55, -1.96, -1.94],
						"0.4167": [20.33, -1.96, -2.25],
						"0.5": [21.55, -1.68, -2.41],
						"0.5833": [11.4, 0.38, -0.69],
						"0.625": [4.5, 1.21, 0.09],
						"0.6667": [-3.24, 1.36, 0.35],
						"0.75": [-17.99, 1, 0.35],
						"0.8333": [-21.82, 1.2, 0.36],
						"0.875": [-22.99, 0.98, 0.32],
						"0.9167": [-27.28, 0.09, 0.31],
						"1.0": [-30, -2, 0],
						"1.0833": [-28.65, -2.26, -0.45],
						"1.125": [-25.97, -2.36, -0.66],
						"1.1667": [-20.58, -2.4, -0.73],
						"1.25": [-5.97, -2.36, -0.87],
						"1.3333": [10.25, -2.1, -1.6],
						"1.375": [16.55, -1.96, -1.94],
						"1.4167": [20.33, -1.96, -2.25],
						"1.5": [21.55, -1.68, -2.41],
						"1.5833": [11.4, 0.38, -0.69],
						"1.625": [4.5, 1.21, 0.09],
						"1.6667": [-3.24, 1.36, 0.35],
						"1.75": [-17.99, 1, 0.35],
						"1.8333": [-21.82, 1.2, 0.36],
						"1.875": [-22.99, 0.98, 0.32],
						"1.9167": [-27.28, 0.09, 0.31],
						"2.0": [-30, -2, 0]
					},
					"position": {
						"0.0": [0, 0, 0],
						"0.0833": [0, 0, 0],
						"0.1667": [0, 0, 0],
						"0.25": [0, 0, 0],
						"0.3333": [0, 0, 0],
						"0.4167": [0, 0, 0],
						"0.5": [0, 0, 0],
						"0.5833": [0, 0, 0],
						"0.6667": [0, 0, 0],
						"0.75": [0, 0, 0],
						"0.8333": [0, 0, 0],
						"0.9167": [0, 0, 0],
						"1.0": [0, 0, 0],
						"1.0833": [0, 0, 0],
						"1.1667": [0, 0, 0],
						"1.25": [0, 0, 0],
						"1.3333": [0, 0, 0],
						"1.4167": [0, 0, 0],
						"1.5": [0, 0, 0],
						"1.5833": [0, 0, 0],
						"1.6667": [0, 0, 0],
						"1.75": [0, 0, 0],
						"1.8333": [0, 0, 0],
						"1.9167": [0, 0, 0],
						"2.0": [0, 0, 0]
					}
				},
				"LeftLowerLeg": {
					"rotation": {
						"0.0": [10, -0.19, -0.46],
						"0.0833": [17.57, -0.01, -0.17],
						"0.125": [20.5, 0.04, 0],
						"0.1667": [21.19, 0, 0.15],
						"0.25": [18, -0.17, 0.48],
						"0.3333": [5.05, -0.24, 0.92],
						"0.375": [0.51, -0.25, 1.03],
						"0.4167": [-0.12, -0.26, 0.99],
						"0.5": [8, -0.21, 0.64],
						"0.5833": [38.57, 0.12, -0.13],
						"0.625": [49.99, 0.24, -0.42],
						"0.6667": [51.25, 0.23, -0.47],
						"0.75": [40, 0.06, -0.34],
						"0.8333": [18.52, -0.12, -0.42],
						"0.875": [10, -0.19, -0.46],
						"0.9167": [7.78, -0.21, -0.47],
						"1.0": [10, -0.19, -0.46],
						"1.0833": [17.57, -0.01, -0.17],
						"1.125": [20.5, 0.04, 0],
						"1.1667": [21.19, 0, 0.15],
						"1.25": [18, -0.17, 0.48],
						"1.3333": [5.05, -0.24, 0.92],
						"1.375": [0.51, -0.25, 1.03],
						"1.4167": [-0.12, -0.26, 0.99],
						"1.5": [8, -0.21, 0.64],
						"1.5833": [38.57, 0.12, -0.13],
						"1.625": [49.99, 0.24, -0.42],
						"1.6667": [51.25, 0.23, -0.47],
						"1.75": [40, 0.06, -0.34],
						"1.7917": [10, -0.19, -0.46],
						"1.8333": [7.78, -0.21, -0.47],
						"1.9167": [10, -0.19, -0.46],
						"2.0": [10, -0.19, -0.46]
					},
					"position": {
						"0.0": [0, 0, 0],
						"0.0833": [0, 0, 0],
						"0.1667": [0, 0, 0],
						"0.25": [0, 0, 0],
						"0.3333": [0, 0, 0],
						"0.4167": [0, 0, 0],
						"0.5": [0, 0, 0],
						"0.5833": [0, 0, 0],
						"0.6667": [0, 0, 0],
						"0.75": [0, 0, 0],
						"0.8333": [0, 0, 0],
						"0.9167": [0, 0, 0],
						"1.0": [0, 0, 0],
						"1.0833": [0, 0, 0],
						"1.1667": [0, 0, 0],
						"1.25": [0, 0, 0],
						"1.3333": [0, 0, 0],
						"1.4167": [0, 0, 0],
						"1.5": [0, 0, 0],
						"1.5833": [0, 0, 0],
						"1.6667": [0, 0, 0],
						"1.75": [0, 0, 0],
						"1.8333": [0, 0, 0],
						"1.9167": [0, 0, 0],
						"2.0": [0, 0, 0]
					}
				},
				"LeftFoot": {
					"rotation": {
						"0.0": [-7.5, -0.25, -0.03],
						"0.0833": [2.94, -0.07, -0.03],
						"0.125": [5.5, 0.03, -0.01],
						"0.1667": [0.63, 0.1, 0.06],
						"0.25": [-12, 0.21, 0.15],
						"0.3333": [-0.48, 0.24, -0.14],
						"0.375": [5.49, 0.23, -0.34],
						"0.4167": [7, 0.23, -0.62],
						"0.5": [7.46, 0.2, -1.09],
						"0.5833": [16.45, 0.12, -0.76],
						"0.625": [17.49, 0.05, -0.53],
						"0.6667": [10.83, -0.05, -0.34],
						"0.75": [-7.5, -0.25, -0.03],
						"0.8333": [-9.35, -0.27, 0],
						"0.9167": [-8.43, -0.26, -0.01],
						"1.0": [-7.5, -0.25, -0.03],
						"1.0833": [2.94, -0.07, -0.03],
						"1.125": [5.5, 0.03, -0.01],
						"1.1667": [0.63, 0.1, 0.06],
						"1.25": [-12, 0.21, 0.15],
						"1.3333": [-0.48, 0.24, -0.14],
						"1.375": [5.49, 0.23, -0.34],
						"1.4167": [7, 0.23, -0.62],
						"1.5": [7.46, 0.2, -1.09],
						"1.5833": [16.45, 0.12, -0.76],
						"1.625": [17.49, 0.05, -0.53],
						"1.6667": [10.83, -0.05, -0.34],
						"1.75": [-7.5, -0.25, -0.03],
						"1.8333": [-9.35, -0.27, 0],
						"1.9167": [-8.43, -0.26, -0.01],
						"2.0": [-7.5, -0.25, -0.03]
					},
					"position": {
						"0.0": [0, 0, 0],
						"0.0833": [0, 0, 0],
						"0.1667": [0, 0, 0],
						"0.25": [0, 0, 0],
						"0.3333": [0, 0, 0],
						"0.4167": [0, 0, 0],
						"0.5": [0, 0, 0],
						"0.5833": [0, 0, 0],
						"0.6667": [0, 0, 0],
						"0.75": [0, 0, 0],
						"0.8333": [0, 0, 0],
						"0.9167": [0, 0, 0],
						"1.0": [0, 0, 0],
						"1.0833": [0, 0, 0],
						"1.1667": [0, 0, 0],
						"1.25": [0, 0, 0],
						"1.3333": [0, 0, 0],
						"1.4167": [0, 0, 0],
						"1.5": [0, 0, 0],
						"1.5833": [0, 0, 0],
						"1.6667": [0, 0, 0],
						"1.75": [0, 0, 0],
						"1.8333": [0, 0, 0],
						"1.9167": [0, 0, 0],
						"2.0": [0, 0, 0]
					}
				},
				"rLe": {
					"rotation": {
						"0.0": [21.55, 1.68, 2.41],
						"0.0833": [11.22, -0.37, 0.67],
						"0.125": [4.5, -1.21, -0.09],
						"0.1667": [-3.24, -1.36, -0.35],
						"0.25": [-17.99, -1, -0.35],
						"0.3333": [-21.82, -1.2, -0.36],
						"0.375": [-22.99, -0.98, -0.32],
						"0.4167": [-25.59, -0.11, -0.25],
						"0.5": [-30, 2, 0],
						"0.5833": [-28.91, 2.37, 0.46],
						"0.625": [-25.97, 2.36, 0.66],
						"0.6667": [-20.58, 2.4, 0.73],
						"0.75": [-5.97, 2.36, 0.87],
						"0.8333": [10.25, 2.1, 1.6],
						"0.875": [16.55, 1.96, 1.94],
						"0.9167": [19.7, 1.85, 2.16],
						"1.0": [21.55, 1.68, 2.41],
						"1.0833": [11.22, -0.37, 0.67],
						"1.125": [4.5, -1.21, -0.09],
						"1.1667": [-3.24, -1.36, -0.35],
						"1.25": [-17.99, -1, -0.35],
						"1.3333": [-21.82, -1.2, -0.36],
						"1.375": [-22.99, -0.98, -0.32],
						"1.4167": [-25.59, -0.11, -0.25],
						"1.5": [-30, 2, 0],
						"1.5833": [-28.91, 2.37, 0.46],
						"1.625": [-25.97, 2.36, 0.66],
						"1.6667": [-20.58, 2.4, 0.73],
						"1.75": [-5.97, 2.36, 0.87],
						"1.8333": [10.25, 2.1, 1.6],
						"1.875": [16.55, 1.96, 1.94],
						"1.9167": [19.7, 1.85, 2.16],
						"2.0": [21.55, 1.68, 2.41]
					},
					"position": {
						"0.0": [0, 0, 0],
						"0.0833": [0, 0, 0],
						"0.1667": [0, 0, 0],
						"0.25": [0, 0, 0],
						"0.3333": [0, 0, 0],
						"0.4167": [0, 0, 0],
						"0.5": [0, 0, 0],
						"0.5833": [0, 0, 0],
						"0.6667": [0, 0, 0],
						"0.75": [0, 0, 0],
						"0.8333": [0, 0, 0],
						"0.9167": [0, 0, 0],
						"1.0": [0, 0, 0],
						"1.0833": [0, 0, 0],
						"1.1667": [0, 0, 0],
						"1.25": [0, 0, 0],
						"1.3333": [0, 0, 0],
						"1.4167": [0, 0, 0],
						"1.5": [0, 0, 0],
						"1.5833": [0, 0, 0],
						"1.6667": [0, 0, 0],
						"1.75": [0, 0, 0],
						"1.8333": [0, 0, 0],
						"1.9167": [0, 0, 0],
						"2.0": [0, 0, 0]
					}
				},
				"RightLowerLeg": {
					"rotation": {
						"0.0": [3.01, -0.25, 0.95],
						"0.0833": [36.81, -0.26, 0.58],
						"0.125": [49.99, -0.24, 0.42],
						"0.1667": [51.62, -0.2, 0.35],
						"0.25": [40, -0.06, 0.34],
						"0.3333": [18.52, 0.12, 0.42],
						"0.375": [10, 0.19, 0.46],
						"0.4167": [7.39, 0.22, 0.49],
						"0.5": [10, 0.19, 0.46],
						"0.5833": [17.57, 0.01, 0.17],
						"0.625": [20.5, -0.04, 0],
						"0.6667": [21.19, 0, -0.15],
						"0.75": [18, 0.17, -0.48],
						"0.8333": [5.42, 0.27, -1.03],
						"0.875": [0.51, 0.25, -1.03],
						"0.9167": [-0.04, 0.11, -0.49],
						"1.0": [3.01, -0.25, 0.95],
						"1.0833": [36.81, -0.26, 0.58],
						"1.125": [49.99, -0.24, 0.42],
						"1.1667": [51.62, -0.2, 0.35],
						"1.25": [40, -0.06, 0.34],
						"1.3333": [18.52, 0.12, 0.42],
						"1.375": [10, 0.19, 0.46],
						"1.4167": [7.39, 0.22, 0.49],
						"1.5": [10, 0.19, 0.46],
						"1.5833": [17.57, 0.01, 0.17],
						"1.625": [20.5, -0.04, 0],
						"1.6667": [21.19, 0, -0.15],
						"1.75": [18, 0.17, -0.48],
						"1.8333": [5.42, 0.27, -1.03],
						"1.875": [0.51, 0.25, -1.03],
						"1.9167": [-0.04, 0.11, -0.49],
						"2.0": [3.01, -0.25, 0.95]
					},
					"position": {
						"0.0": [0, 0, 0],
						"0.0833": [0, 0, 0],
						"0.1667": [0, 0, 0],
						"0.25": [0, 0, 0],
						"0.3333": [0, 0, 0],
						"0.4167": [0, 0, 0],
						"0.5": [0, 0, 0],
						"0.5833": [0, 0, 0],
						"0.6667": [0, 0, 0],
						"0.75": [0, 0, 0],
						"0.8333": [0, 0, 0],
						"0.9167": [0, 0, 0],
						"1.0": [0, 0, 0],
						"1.0833": [0, 0, 0],
						"1.1667": [0, 0, 0],
						"1.25": [0, 0, 0],
						"1.3333": [0, 0, 0],
						"1.4167": [0, 0, 0],
						"1.5": [0, 0, 0],
						"1.5833": [0, 0, 0],
						"1.6667": [0, 0, 0],
						"1.75": [0, 0, 0],
						"1.8333": [0, 0, 0],
						"1.9167": [0, 0, 0],
						"2.0": [0, 0, 0]
					}
				},
				"RightFoot": {
					"rotation": {
						"0.0": [7.46, -0.2, 1.09],
						"0.0833": [16.37, -0.12, 0.73],
						"0.125": [17.49, -0.05, 0.53],
						"0.1667": [10.83, 0.05, 0.34],
						"0.25": [-7.5, 0.25, 0.03],
						"0.3333": [-9.83, 0.28, 0],
						"0.4167": [-9.39, 0.28, 0.01],
						"0.5": [-7.5, 0.25, 0.03],
						"0.5833": [2.94, 0.07, 0.02],
						"0.625": [5.5, -0.03, 0.01],
						"0.6667": [0.63, -0.1, -0.06],
						"0.75": [-12, -0.21, -0.15],
						"0.8333": [-0.48, -0.24, 0.14],
						"0.875": [5.49, -0.23, 0.34],
						"0.9167": [7.37, -0.23, 0.6],
						"1.0": [7.46, -0.2, 1.09],
						"1.0833": [16.37, -0.12, 0.73],
						"1.125": [17.49, -0.05, 0.53],
						"1.1667": [10.83, 0.05, 0.34],
						"1.25": [-7.5, 0.25, 0.03],
						"1.3333": [-9.83, 0.28, 0],
						"1.4167": [-9.39, 0.28, 0.01],
						"1.5": [-7.5, 0.25, 0.03],
						"1.5833": [2.94, 0.07, 0.02],
						"1.625": [5.5, -0.03, 0.01],
						"1.6667": [0.63, -0.1, -0.06],
						"1.75": [-12, -0.21, -0.15],
						"1.8333": [-0.48, -0.24, 0.14],
						"1.875": [5.49, -0.23, 0.34],
						"1.9167": [7.37, -0.23, 0.6],
						"2.0": [7.46, -0.2, 1.09]
					},
					"position": {
						"0.0": [0, 0, 0],
						"0.0833": [0, 0, 0],
						"0.1667": [0, 0, 0],
						"0.25": [0, 0, 0],
						"0.3333": [0, 0, 0],
						"0.4167": [0, 0, 0],
						"0.5": [0, 0, 0],
						"0.5833": [0, 0, 0],
						"0.6667": [0, 0, 0],
						"0.75": [0, 0, 0],
						"0.8333": [0, 0, 0],
						"0.9167": [0, 0, 0],
						"1.0": [0, 0, 0],
						"1.0833": [0, 0, 0],
						"1.1667": [0, 0, 0],
						"1.25": [0, 0, 0],
						"1.3333": [0, 0, 0],
						"1.4167": [0, 0, 0],
						"1.5": [0, 0, 0],
						"1.5833": [0, 0, 0],
						"1.6667": [0, 0, 0],
						"1.75": [0, 0, 0],
						"1.8333": [0, 0, 0],
						"1.9167": [0, 0, 0],
						"2.0": [0, 0, 0]
					}
				},
				"AllBody": {
					"rotation": [0, 0, 0],
					"position": [0, 0, 0],
					"scale": {
						"0.0": [1, 1, 1],
						"1.2917": [1, 1, 1],
						"1.3333": [0, 0, 0],
						"1.375": [1, 1, 1],
						"1.4167": [0, 0, 0],
						"1.6667": [0, 0, 0],
						"1.7083": [1, 1, 1]
					}
				},
				"AllHead": {
					"rotation": {
						"0.0": [0, 0, 0],
						"0.0833": [-0.07, -0.04, -2.13],
						"0.125": [-0.12, -0.05, -2.5],
						"0.1667": [-0.14, -0.04, -2.24],
						"0.25": [-0.19, -0.02, -1.2],
						"0.3333": [-0.24, 0, 0.21],
						"0.4167": [-0.28, 0.02, 1.58],
						"0.5": [-0.3, 0.04, 2.5],
						"0.5833": [-0.19, 0.05, 2.87],
						"0.625": [-0.12, 0.05, 2.5],
						"0.6667": [-0.11, 0.04, 2.31],
						"0.75": [-0.07, 0.03, 1.76],
						"0.8333": [-0.04, 0.02, 1.08],
						"0.9167": [-0.02, 0.01, 0.43],
						"1.0": [0, 0, 0],
						"1.0833": [-0.07, -0.04, -2.13],
						"1.125": [-0.12, -0.05, -2.5],
						"1.1667": [-0.14, -0.04, -2.24],
						"1.25": [-0.19, -0.02, -1.2],
						"1.3333": [-0.24, 0, 0.21],
						"1.4167": [-0.28, 0.02, 1.58],
						"1.5": [-0.3, 0.04, 2.5],
						"1.5833": [-0.19, 0.05, 2.87],
						"1.625": [-0.12, 0.05, 2.5],
						"1.6667": [-0.11, 0.04, 2.31],
						"1.75": [-0.07, 0.03, 1.76],
						"1.8333": [-0.04, 0.02, 1.08],
						"1.9167": [-0.02, 0.01, 0.43],
						"2.0": [0, 0, 0]
					},
					"position": [0, 0, 0]
				},
				"cabeza": {
					"rotation": {
						"0.0": [0, 3, -0.03],
						"0.0833": [0.04, 4.1, 1.67],
						"0.125": [0.06, 4.03, 1.95],
						"0.1667": [0.07, 3.72, 1.73],
						"0.25": [0.07, 2.65, 0.83],
						"0.3333": [0.08, 1.28, -0.37],
						"0.4167": [0.08, -0.06, -1.5],
						"0.5": [0.08, -1.03, -2.22],
						"0.5833": [0.05, -2.29, -1.94],
						"0.625": [0.04, -2.02, -1.45],
						"0.6667": [0.03, -1.7, -1.31],
						"0.75": [0.02, -0.61, -0.97],
						"0.8333": [0.01, 0.78, -0.6],
						"0.9167": [0, 2.11, -0.27],
						"1.0": [0, 3, -0.03],
						"1.0833": [0.04, 4.1, 1.67],
						"1.125": [0.06, 4.03, 1.95],
						"1.1667": [0.07, 3.72, 1.73],
						"1.25": [0.07, 2.65, 0.83],
						"1.3333": [0.08, 1.28, -0.37],
						"1.4167": [0.08, -0.06, -1.5],
						"1.5": [0.08, -1.03, -2.22],
						"1.5833": [0.05, -2.29, -1.94],
						"1.625": [0.04, -2.02, -1.45],
						"1.6667": [0.03, -1.7, -1.31],
						"1.75": [0.02, -0.61, -0.97],
						"1.8333": [0.01, 0.78, -0.6],
						"1.9167": [0, 2.11, -0.27],
						"2.0": [0, 3, -0.03]
					}
				},
				"DownBody": {
					"rotation": {
						"0.0": [0, 1, 0],
						"0.0833": [0, 1.92, 0.33],
						"0.125": [0, 2.25, 0.5],
						"0.1667": [0, 2.23, 0.62],
						"0.25": [0, 1.75, 0.75],
						"0.3333": [0, 1.16, 0.62],
						"0.375": [0, 0.75, 0.5],
						"0.4167": [0, 0.2, 0.35],
						"0.5": [0, -1, 0],
						"0.5833": [0, -1.98, -0.35],
						"0.625": [0, -2.25, -0.5],
						"0.6667": [0, -2.23, -0.62],
						"0.75": [0, -1.75, -0.75],
						"0.8333": [0, -1.16, -0.62],
						"0.875": [0, -0.75, -0.5],
						"0.9167": [0, -0.15, -0.35],
						"1.0": [0, 1, 0],
						"1.0833": [0, 1.92, 0.33],
						"1.125": [0, 2.25, 0.5],
						"1.1667": [0, 2.23, 0.62],
						"1.25": [0, 1.75, 0.75],
						"1.3333": [0, 1.16, 0.62],
						"1.375": [0, 0.75, 0.5],
						"1.4167": [0, 0.2, 0.35],
						"1.5": [0, -1, 0],
						"1.5833": [0, -1.98, -0.35],
						"1.625": [0, -2.25, -0.5],
						"1.6667": [0, -2.23, -0.62],
						"1.75": [0, -1.75, -0.75],
						"1.8333": [0, -1.16, -0.62],
						"1.875": [0, -0.75, -0.5],
						"1.9167": [0, -0.15, -0.35],
						"2.0": [0, 1, 0]
					}
				},
				"dao": {
					"rotation": [54.28153, -30.24959, 20.50607],
					"position": [-0.3, -2, 2.3]
				}
			}
		},
		"animation.obito.sit": {
		    "loop": true,
			"animation_length": 0.375,
			"bones": {
				"model": {
					"rotation": [0, 0, 0],
					"position": [0, -17, 6],
					"scale": 1
				},
				"UpBody": {
					"rotation": [20, 0, 0],
					"position": [0, 0, 0]
				},
				"lAm": {
					"rotation": [-84.30891, 8.63257, -55.69725],
					"position": [0, 0, 0]
				},
				"LeftForeArm": {
					"rotation": [-60.94031, 19.61291, -8.71337],
					"position": [0, 0, 0]
				},
				"rAm": {
					"rotation": [-64.2125, -44.22018, 63.66769],
					"position": [0, 0, 0]
				},
				"RightForeArm": {
					"rotation": [-47.5, 0, 0],
					"position": [0, 0, 0]
				},
				"lLe": {
					"rotation": [-122.5, 0, 0],
					"position": [0, 0, 0]
				},
				"LeftLowerLeg": {
					"rotation": [90, 0, 0],
					"position": [0, 0, 0]
				},
				"LeftFoot": {
					"rotation": [50, 0, 0],
					"position": [0, 0, 0]
				},
				"rLe": {
					"rotation": [-127.07929, 32.50596, -93.46466],
					"position": [0, 0, 0]
				},
				"RightLowerLeg": {
					"rotation": [125, 0, 0],
					"position": [0, 0, 0]
				},
				"RightFoot": {
					"rotation": [55, 0, 0],
					"position": [0, 0, 0]
				},
				"AllBody": {
					"rotation": [0, 0, 0],
					"position": [0, 0, 0],
					"scale": 1
				},
				"AllHead": {
					"rotation": [15, 0, 0],
					"position": [0, 0, 0]
				},
				"cabeza": {
					"rotation": [-27.5, 0, 0],
					"position": [0, 0, 0]
				},
				"DownBody": {
					"rotation": [-17.5, 0, 0]
				},
				"bone": {
					"rotation": [62.5, 0, 0],
					"position": [0, 0, -4]
				}
			}
		}
	}
}