{
	"format_version": "1.8.0",
	"animations": {
		"animation.ty.idle": {
			"loop": true,
			"animation_length": 2,
			"bones": {
				"Model": {
					"rotation": [0, 0, 0],
					"scale": 1
				},
				"UpBody": {
					"rotation": [0, 0, 0],
					"position": [0, 0, 0]
				},
				"UpperBody": {
					"rotation": [0, 0, 0],
					"position": [0, 0, 0]
				},
				"lLe": {
					"rotation": [0, 0, 0],
					"position": [0, 0, 0]
				},
				"LeftLowerLeg": {
					"rotation": [0, 0, 0],
					"position": [0, 0, 0]
				},
				"LeftFoot": {
					"rotation": [0, 0, 0],
					"position": [0, 0, 0]
				},
				"rLe": {
					"rotation": [0, 0, 0],
					"position": [0, 0, 0]
				},
				"RightLowerLeg": {
					"rotation": [0, 0, 0],
					"position": [0, 0, 0]
				},
				"RightFoot": {
					"rotation": [0, 0, 0],
					"position": [0, 0, 0]
				},
				"AllBody": {
					"rotation": [0, 0, 0],
					"position": [0, 0, 0],
					"scale": 1
				},
				"AllHead": {
					"rotation": {
						"0.0": [0, 0, 0],
						"1.0": [2.5, 0, 0],
						"2.0": [0, 0, 0]
					},
					"position": {
						"0.0": [0, 0, 0],
						"2.0": [0, 0, 0]
					}
				},
				"Cabeza": {
					"rotation": [0, 0, 0],
					"position": [0, 0, 0]
				},
				"lAm": {
					"rotation": {
						"0.0": [0, 0, 0],
						"1.0": [0, 0, -2.5],
						"2.0": [0, 0, 0]
					}
				},
				"rAm": {
					"rotation": {
						"0.0": [0, 0, 0],
						"1.0": [0, 0, 2.5],
						"2.0": [0, 0, 0]
					}
				}
			}
		},
		"animation.ty.walk": {
			"loop": true,
			"animation_length": 3,
			"bones": {
				"Model": {
					"rotation": {
						"0.0": [0, 0, 0],
						"0.0833": [0, 0, 0],
						"0.1667": [0, 0, 0],
						"0.25": [0, 0, 0],
						"0.3333": [0, 0, 0],
						"0.4167": [0, 0, 0],
						"0.5": [0, 0, 0],
						"1.0": [0, 0, 0],
						"1.0833": [0, 0, 0],
						"1.1667": [0, 0, 0],
						"1.25": [0, 0, 0],
						"1.3333": [0, 0, 0],
						"1.4167": [0, 0, 0],
						"1.5": [0, 0, 0],
						"2.0": [0, 0, 0],
						"2.0833": [0, 0, 0],
						"2.1667": [0, 0, 0],
						"2.25": [0, 0, 0],
						"2.3333": [0, 0, 0],
						"2.4167": [0, 0, 0],
						"2.5": [0, 0, 0]
					},
					"position": {
						"0.0": [0, -0.5, 0],
						"0.0833": [0.06, -0.66, 0],
						"0.125": [0.1, -0.7, 0],
						"0.1667": [0.16, -0.63, 0],
						"0.25": [0.27, -0.39, 0],
						"0.3333": [0.24, -0.22, 0],
						"0.375": [0.2, -0.2, 0],
						"0.4167": [0.14, -0.27, 0],
						"0.5": [0, -0.5, 0],
						"0.5833": [-0.07, -0.67, 0],
						"0.625": [-0.1, -0.7, 0],
						"0.6667": [-0.16, -0.63, 0],
						"0.75": [-0.27, -0.39, 0],
						"0.8333": [-0.24, -0.22, 0],
						"0.875": [-0.2, -0.2, 0],
						"0.9167": [-0.14, -0.28, 0],
						"1.0": [0, -0.5, 0],
						"1.0833": [0.06, -0.66, 0],
						"1.125": [0.1, -0.7, 0],
						"1.1667": [0.16, -0.63, 0],
						"1.25": [0.27, -0.39, 0],
						"1.3333": [0.24, -0.22, 0],
						"1.375": [0.2, -0.2, 0],
						"1.4167": [0.14, -0.27, 0],
						"1.5": [0, -0.5, 0],
						"1.5833": [-0.07, -0.67, 0],
						"1.625": [-0.1, -0.7, 0],
						"1.6667": [-0.16, -0.63, 0],
						"1.75": [-0.27, -0.39, 0],
						"1.8333": [-0.24, -0.22, 0],
						"1.875": [-0.2, -0.2, 0],
						"1.9167": [-0.14, -0.28, 0],
						"2.0": [0, -0.5, 0],
						"2.0833": [0.06, -0.66, 0],
						"2.125": [0.1, -0.7, 0],
						"2.1667": [0.16, -0.63, 0],
						"2.25": [0.27, -0.39, 0],
						"2.3333": [0.24, -0.22, 0],
						"2.375": [0.2, -0.2, 0],
						"2.4167": [0.14, -0.27, 0],
						"2.5": [0, -0.5, 0],
						"2.5833": [-0.07, -0.67, 0],
						"2.625": [-0.1, -0.7, 0],
						"2.6667": [-0.16, -0.63, 0],
						"2.75": [-0.27, -0.39, 0],
						"2.8333": [-0.24, -0.22, 0],
						"2.875": [-0.2, -0.2, 0],
						"2.9167": [-0.14, -0.28, 0],
						"3.0": [0, -0.5, 0]
					},
					"scale": 1
				},
				"UpBody": {
					"rotation": {
						"0.0": [1, 0, -0.04],
						"0.0833": [1.03, -1.79, -0.29],
						"0.125": [1.03, -2.3, -0.36],
						"0.1667": [1.03, -2.25, -0.34],
						"0.25": [1.03, -1.87, -0.27],
						"0.3333": [1.01, -1.27, -0.17],
						"0.4167": [1, -0.6, -0.05],
						"0.5": [1, 0, 0.04],
						"0.5833": [1.03, 1.87, 0.31],
						"0.625": [1.03, 2.3, 0.36],
						"0.6667": [1.03, 2.24, 0.34],
						"0.75": [1.03, 1.82, 0.26],
						"0.8333": [1.02, 1.17, 0.15],
						"0.9167": [1, 0.5, 0.04],
						"1.0": [1, 0, -0.04],
						"1.0833": [1.03, -1.79, -0.29],
						"1.125": [1.03, -2.3, -0.36],
						"1.1667": [1.03, -2.25, -0.34],
						"1.25": [1.03, -1.87, -0.27],
						"1.3333": [1.01, -1.27, -0.17],
						"1.4167": [1, -0.6, -0.05],
						"1.5": [1, 0, 0.04],
						"1.5833": [1.03, 1.87, 0.31],
						"1.625": [1.03, 2.3, 0.36],
						"1.6667": [1.03, 2.24, 0.34],
						"1.75": [1.03, 1.82, 0.26],
						"1.8333": [1.02, 1.17, 0.15],
						"1.9167": [1, 0.5, 0.04],
						"2.0": [1, 0, -0.04],
						"2.0833": [1.03, -1.79, -0.29],
						"2.125": [1.03, -2.3, -0.36],
						"2.1667": [1.03, -2.25, -0.34],
						"2.25": [1.03, -1.87, -0.27],
						"2.3333": [1.01, -1.27, -0.17],
						"2.4167": [1, -0.6, -0.05],
						"2.5": [1, 0, 0.04],
						"2.5833": [1.03, 1.87, 0.31],
						"2.625": [1.03, 2.3, 0.36],
						"2.6667": [1.03, 2.24, 0.34],
						"2.75": [1.03, 1.82, 0.26],
						"2.8333": [1.02, 1.17, 0.15],
						"2.9167": [1, 0.5, 0.04],
						"3.0": [1, 0, -0.04]
					},
					"position": [0, 0, 0]
				},
				"UpperBody": {
					"rotation": {
						"0.0": [0, -2, 0],
						"0.0833": [0.02, -1.13, 0.78],
						"0.125": [0.02, -0.5, 1],
						"0.1667": [0.02, -0.24, 0.97],
						"0.25": [0.02, 0.41, 0.81],
						"0.3333": [0.01, 1.11, 0.55],
						"0.4167": [0, 1.69, 0.26],
						"0.5": [0, 2, 0],
						"0.5833": [0.02, 1.22, -0.81],
						"0.625": [0.02, 0.5, -1],
						"0.6667": [0.02, 0.24, -0.97],
						"0.75": [0.02, -0.47, -0.79],
						"0.8333": [0.01, -1.22, -0.51],
						"0.9167": [0, -1.81, -0.22],
						"1.0": [0, -2, 0],
						"1.0833": [0.02, -1.13, 0.78],
						"1.125": [0.02, -0.5, 1],
						"1.1667": [0.02, -0.24, 0.97],
						"1.25": [0.02, 0.41, 0.81],
						"1.3333": [0.01, 1.11, 0.55],
						"1.4167": [0, 1.69, 0.26],
						"1.5": [0, 2, 0],
						"1.5833": [0.02, 1.22, -0.81],
						"1.625": [0.02, 0.5, -1],
						"1.6667": [0.02, 0.24, -0.97],
						"1.75": [0.02, -0.47, -0.79],
						"1.8333": [0.01, -1.22, -0.51],
						"1.9167": [0, -1.81, -0.22],
						"2.0": [0, -2, 0],
						"2.0833": [0.02, -1.13, 0.78],
						"2.125": [0.02, -0.5, 1],
						"2.1667": [0.02, -0.24, 0.97],
						"2.25": [0.02, 0.41, 0.81],
						"2.3333": [0.01, 1.11, 0.55],
						"2.4167": [0, 1.69, 0.26],
						"2.5": [0, 2, 0],
						"2.5833": [0.02, 1.22, -0.81],
						"2.625": [0.02, 0.5, -1],
						"2.6667": [0.02, 0.24, -0.97],
						"2.75": [0.02, -0.47, -0.79],
						"2.8333": [0.01, -1.22, -0.51],
						"2.9167": [0, -1.81, -0.22],
						"3.0": [0, -2, 0]
					},
					"position": [0, 0, 0]
				},
				"lAm": {
					"rotation": {
						"0.0": [15, 0, 0],
						"0.0833": [11.04, 0, 0],
						"0.1667": [5, 0, 0],
						"0.25": [-1.87, 0, 0],
						"0.3333": [-8.33, 0, 0],
						"0.4167": [-13.12, 0, 0],
						"0.5": [-15, 0, 0],
						"0.5833": [-13.13, 0, 0],
						"0.6667": [-8.33, 0, 0],
						"0.75": [-1.87, 0, 0],
						"0.8333": [5, 0, 0],
						"0.9167": [11.04, 0, 0],
						"1.0": [15, 0, 0],
						"1.0833": [11.04, 0, 0],
						"1.1667": [5, 0, 0],
						"1.25": [-1.87, 0, 0],
						"1.3333": [-8.33, 0, 0],
						"1.4167": [-13.12, 0, 0],
						"1.5": [-15, 0, 0],
						"1.5833": [-13.13, 0, 0],
						"1.6667": [-8.33, 0, 0],
						"1.75": [-1.87, 0, 0],
						"1.8333": [5, 0, 0],
						"1.9167": [11.04, 0, 0],
						"2.0": [15, 0, 0],
						"2.0833": [11.04, 0, 0],
						"2.1667": [5, 0, 0],
						"2.25": [-1.87, 0, 0],
						"2.3333": [-8.33, 0, 0],
						"2.4167": [-13.12, 0, 0],
						"2.5": [-15, 0, 0],
						"2.5833": [-13.13, 0, 0],
						"2.6667": [-8.33, 0, 0],
						"2.75": [-1.87, 0, 0],
						"2.8333": [5, 0, 0],
						"2.9167": [11.04, 0, 0],
						"3.0": [15, 0, 0]
					},
					"position": [0, 0, 0]
				},
				"LeftForeArm": {
					"rotation": {
						"0.0": [-7.5, 0, 0],
						"0.0833": [-11.31, 0, 0],
						"0.1667": [-16.9, 0, 0],
						"0.25": [-22.31, 0, 0],
						"0.3333": [-25.59, 0, 0],
						"0.4167": [-24.71, 0, 0],
						"0.5": [-20, 0, 0],
						"0.5833": [-18.09, 0, 0],
						"0.6667": [-15.61, 0, 0],
						"0.75": [-12.94, 0, 0],
						"0.8333": [-10.46, 0, 0],
						"0.9167": [-8.52, 0, 0],
						"1.0": [-7.5, 0, 0],
						"1.0833": [-11.31, 0, 0],
						"1.1667": [-16.9, 0, 0],
						"1.25": [-22.31, 0, 0],
						"1.3333": [-25.59, 0, 0],
						"1.4167": [-24.71, 0, 0],
						"1.5": [-20, 0, 0],
						"1.5833": [-18.09, 0, 0],
						"1.6667": [-15.61, 0, 0],
						"1.75": [-12.94, 0, 0],
						"1.8333": [-10.46, 0, 0],
						"1.9167": [-8.52, 0, 0],
						"2.0": [-7.5, 0, 0],
						"2.0833": [-11.31, 0, 0],
						"2.1667": [-16.9, 0, 0],
						"2.25": [-22.31, 0, 0],
						"2.3333": [-25.59, 0, 0],
						"2.4167": [-24.71, 0, 0],
						"2.5": [-20, 0, 0],
						"2.5833": [-18.09, 0, 0],
						"2.6667": [-15.61, 0, 0],
						"2.75": [-12.94, 0, 0],
						"2.8333": [-10.46, 0, 0],
						"2.9167": [-8.52, 0, 0],
						"3.0": [-7.5, 0, 0]
					},
					"position": [0, 0, 0]
				},
				"rAm": {
					"rotation": {
						"0.0": [-15, 0, 0],
						"0.0833": [-11.04, 0, 0],
						"0.1667": [-5, 0, 0],
						"0.25": [1.88, 0, 0],
						"0.3333": [8.33, 0, 0],
						"0.4167": [13.13, 0, 0],
						"0.5": [15, 0, 0],
						"0.5833": [12.84, 0, 0],
						"0.6667": [7.41, 0, 0],
						"0.75": [0.31, 0, 0],
						"0.8333": [-6.85, 0, 0],
						"0.9167": [-12.49, 0, 0],
						"1.0": [-15, 0, 0],
						"1.0833": [-11.04, 0, 0],
						"1.1667": [-5, 0, 0],
						"1.25": [1.88, 0, 0],
						"1.3333": [8.33, 0, 0],
						"1.4167": [13.13, 0, 0],
						"1.5": [15, 0, 0],
						"1.5833": [12.84, 0, 0],
						"1.6667": [7.41, 0, 0],
						"1.75": [0.31, 0, 0],
						"1.8333": [-6.85, 0, 0],
						"1.9167": [-12.49, 0, 0],
						"2.0": [-15, 0, 0],
						"2.0833": [-11.04, 0, 0],
						"2.1667": [-5, 0, 0],
						"2.25": [1.88, 0, 0],
						"2.3333": [8.33, 0, 0],
						"2.4167": [13.13, 0, 0],
						"2.5": [15, 0, 0],
						"2.5833": [12.84, 0, 0],
						"2.6667": [7.41, 0, 0],
						"2.75": [0.31, 0, 0],
						"2.8333": [-6.85, 0, 0],
						"2.9167": [-12.49, 0, 0],
						"3.0": [-15, 0, 0]
					},
					"position": [0, 0, 0]
				},
				"RightForeArm": {
					"rotation": {
						"0.0": [-7.5, 0, 0],
						"0.0833": [-8.94, 0, 0],
						"0.1667": [-11, 0, 0],
						"0.25": [-13.4, 0, 0],
						"0.3333": [-15.88, 0, 0],
						"0.4167": [-18.17, 0, 0],
						"0.5": [-20, 0, 0],
						"0.5833": [-24.71, 0, 0],
						"0.6667": [-25.59, 0, 0],
						"0.75": [-22.31, 0, 0],
						"0.8333": [-16.9, 0, 0],
						"0.9167": [-11.31, 0, 0],
						"1.0": [-7.5, 0, 0],
						"1.0833": [-8.94, 0, 0],
						"1.1667": [-11, 0, 0],
						"1.25": [-13.4, 0, 0],
						"1.3333": [-15.88, 0, 0],
						"1.4167": [-18.17, 0, 0],
						"1.5": [-20, 0, 0],
						"1.5833": [-24.71, 0, 0],
						"1.6667": [-25.59, 0, 0],
						"1.75": [-22.31, 0, 0],
						"1.8333": [-16.9, 0, 0],
						"1.9167": [-11.31, 0, 0],
						"2.0": [-7.5, 0, 0],
						"2.0833": [-8.94, 0, 0],
						"2.1667": [-11, 0, 0],
						"2.25": [-13.4, 0, 0],
						"2.3333": [-15.88, 0, 0],
						"2.4167": [-18.17, 0, 0],
						"2.5": [-20, 0, 0],
						"2.5833": [-24.71, 0, 0],
						"2.6667": [-25.59, 0, 0],
						"2.75": [-22.31, 0, 0],
						"2.8333": [-16.9, 0, 0],
						"2.9167": [-11.31, 0, 0],
						"3.0": [-7.5, 0, 0]
					},
					"position": [0, 0, 0]
				},
				"lLe": {
					"rotation": {
						"0.0": [-30, -2, 0],
						"0.0833": [-28.65, -2.26, -0.45],
						"0.125": [-25.97, -2.36, -0.66],
						"0.1667": [-20.58, -2.4, -0.73],
						"0.25": [-5.97, -2.36, -0.87],
						"0.3333": [10.25, -2.1, -1.6],
						"0.375": [16.55, -1.96, -1.94],
						"0.4167": [20.33, -1.96, -2.25],
						"0.5": [21.55, -1.68, -2.41],
						"0.5833": [11.4, 0.38, -0.69],
						"0.625": [4.5, 1.21, 0.09],
						"0.6667": [-3.24, 1.36, 0.35],
						"0.75": [-17.99, 1, 0.35],
						"0.8333": [-21.82, 1.2, 0.36],
						"0.875": [-22.99, 0.98, 0.32],
						"0.9167": [-27.28, 0.09, 0.31],
						"1.0": [-30, -2, 0],
						"1.0833": [-28.65, -2.26, -0.45],
						"1.125": [-25.97, -2.36, -0.66],
						"1.1667": [-20.58, -2.4, -0.73],
						"1.25": [-5.97, -2.36, -0.87],
						"1.3333": [10.25, -2.1, -1.6],
						"1.375": [16.55, -1.96, -1.94],
						"1.4167": [20.33, -1.96, -2.25],
						"1.5": [21.55, -1.68, -2.41],
						"1.5833": [11.4, 0.38, -0.69],
						"1.625": [4.5, 1.21, 0.09],
						"1.6667": [-3.24, 1.36, 0.35],
						"1.75": [-17.99, 1, 0.35],
						"1.8333": [-21.82, 1.2, 0.36],
						"1.875": [-22.99, 0.98, 0.32],
						"1.9167": [-27.28, 0.09, 0.31],
						"2.0": [-30, -2, 0],
						"2.0833": [-28.65, -2.26, -0.45],
						"2.125": [-25.97, -2.36, -0.66],
						"2.1667": [-20.58, -2.4, -0.73],
						"2.25": [-5.97, -2.36, -0.87],
						"2.3333": [10.25, -2.1, -1.6],
						"2.375": [16.55, -1.96, -1.94],
						"2.4167": [20.33, -1.96, -2.25],
						"2.5": [21.55, -1.68, -2.41],
						"2.5833": [11.4, 0.38, -0.69],
						"2.625": [4.5, 1.21, 0.09],
						"2.6667": [-3.24, 1.36, 0.35],
						"2.75": [-17.99, 1, 0.35],
						"2.8333": [-21.82, 1.2, 0.36],
						"2.875": [-22.99, 0.98, 0.32],
						"2.9167": [-27.28, 0.09, 0.31],
						"3.0": [-30, -2, 0]
					},
					"position": {
						"0.0": [0, 0, 0],
						"0.0833": [0, 0, 0],
						"0.1667": [0, 0, 0],
						"0.25": [0, 0, 0],
						"0.3333": [0, 0, 0],
						"0.4167": [0, 0, 0],
						"0.5": [0, 0, 0],
						"0.5833": [0, 0, 0],
						"0.6667": [0, 0, 0],
						"0.75": [0, 0, 0],
						"0.8333": [0, 0, 0],
						"0.9167": [0, 0, 0],
						"1.0": [0, 0, 0],
						"1.0833": [0, 0, 0],
						"1.1667": [0, 0, 0],
						"1.25": [0, 0, 0],
						"1.3333": [0, 0, 0],
						"1.4167": [0, 0, 0],
						"1.5": [0, 0, 0],
						"1.5833": [0, 0, 0],
						"1.6667": [0, 0, 0],
						"1.75": [0, 0, 0],
						"1.8333": [0, 0, 0],
						"1.9167": [0, 0, 0],
						"2.0": [0, 0, 0],
						"2.0833": [0, 0, 0],
						"2.1667": [0, 0, 0],
						"2.25": [0, 0, 0],
						"2.3333": [0, 0, 0],
						"2.4167": [0, 0, 0],
						"2.5": [0, 0, 0],
						"2.5833": [0, 0, 0],
						"2.6667": [0, 0, 0],
						"2.75": [0, 0, 0],
						"2.8333": [0, 0, 0],
						"2.9167": [0, 0, 0],
						"3.0": [0, 0, 0]
					}
				},
				"LeftLowerLeg": {
					"rotation": {
						"0.0": [10, -0.19, -0.46],
						"0.0833": [17.57, -0.01, -0.17],
						"0.125": [20.5, 0.04, 0],
						"0.1667": [21.19, 0, 0.15],
						"0.25": [18, -0.17, 0.48],
						"0.3333": [5.05, -0.24, 0.92],
						"0.375": [0.51, -0.25, 1.03],
						"0.4167": [-0.12, -0.26, 0.99],
						"0.5": [8, -0.21, 0.64],
						"0.5833": [38.57, 0.12, -0.13],
						"0.625": [49.99, 0.24, -0.42],
						"0.6667": [51.25, 0.23, -0.47],
						"0.75": [40, 0.06, -0.34],
						"0.8333": [18.52, -0.12, -0.42],
						"0.875": [10, -0.19, -0.46],
						"0.9167": [7.78, -0.21, -0.47],
						"1.0": [10, -0.19, -0.46],
						"1.0833": [17.57, -0.01, -0.17],
						"1.125": [20.5, 0.04, 0],
						"1.1667": [21.19, 0, 0.15],
						"1.25": [18, -0.17, 0.48],
						"1.3333": [5.05, -0.24, 0.92],
						"1.375": [0.51, -0.25, 1.03],
						"1.4167": [-0.12, -0.26, 0.99],
						"1.5": [8, -0.21, 0.64],
						"1.5833": [38.57, 0.12, -0.13],
						"1.625": [49.99, 0.24, -0.42],
						"1.6667": [51.25, 0.23, -0.47],
						"1.75": [40, 0.06, -0.34],
						"1.8333": [18.52, -0.12, -0.42],
						"1.875": [10, -0.19, -0.46],
						"1.9167": [7.78, -0.21, -0.47],
						"2.0": [10, -0.19, -0.46],
						"2.0833": [17.57, -0.01, -0.17],
						"2.125": [20.5, 0.04, 0],
						"2.1667": [21.19, 0, 0.15],
						"2.25": [18, -0.17, 0.48],
						"2.3333": [5.05, -0.24, 0.92],
						"2.375": [0.51, -0.25, 1.03],
						"2.4167": [-0.12, -0.26, 0.99],
						"2.5": [8, -0.21, 0.64],
						"2.5833": [38.57, 0.12, -0.13],
						"2.625": [49.99, 0.24, -0.42],
						"2.6667": [51.25, 0.23, -0.47],
						"2.75": [40, 0.06, -0.34],
						"2.8333": [18.52, -0.12, -0.42],
						"2.875": [10, -0.19, -0.46],
						"2.9167": [7.78, -0.21, -0.47],
						"3.0": [10, -0.19, -0.46]
					},
					"position": {
						"0.0": [0, 0, 0],
						"0.0833": [0, 0, 0],
						"0.1667": [0, 0, 0],
						"0.25": [0, 0, 0],
						"0.3333": [0, 0, 0],
						"0.4167": [0, 0, 0],
						"0.5": [0, 0, 0],
						"0.5833": [0, 0, 0],
						"0.6667": [0, 0, 0],
						"0.75": [0, 0, 0],
						"0.8333": [0, 0, 0],
						"0.9167": [0, 0, 0],
						"1.0": [0, 0, 0],
						"1.0833": [0, 0, 0],
						"1.1667": [0, 0, 0],
						"1.25": [0, 0, 0],
						"1.3333": [0, 0, 0],
						"1.4167": [0, 0, 0],
						"1.5": [0, 0, 0],
						"1.5833": [0, 0, 0],
						"1.6667": [0, 0, 0],
						"1.75": [0, 0, 0],
						"1.8333": [0, 0, 0],
						"1.9167": [0, 0, 0],
						"2.0": [0, 0, 0],
						"2.0833": [0, 0, 0],
						"2.1667": [0, 0, 0],
						"2.25": [0, 0, 0],
						"2.3333": [0, 0, 0],
						"2.4167": [0, 0, 0],
						"2.5": [0, 0, 0],
						"2.5833": [0, 0, 0],
						"2.6667": [0, 0, 0],
						"2.75": [0, 0, 0],
						"2.8333": [0, 0, 0],
						"2.9167": [0, 0, 0],
						"3.0": [0, 0, 0]
					}
				},
				"LeftFoot": {
					"rotation": {
						"0.0": [-7.5, -0.25, -0.03],
						"0.0833": [2.94, -0.07, -0.03],
						"0.125": [5.5, 0.03, -0.01],
						"0.1667": [0.63, 0.1, 0.06],
						"0.25": [-12, 0.21, 0.15],
						"0.3333": [-0.48, 0.24, -0.14],
						"0.375": [5.49, 0.23, -0.34],
						"0.4167": [7, 0.23, -0.62],
						"0.5": [7.46, 0.2, -1.09],
						"0.5833": [16.45, 0.12, -0.76],
						"0.625": [17.49, 0.05, -0.53],
						"0.6667": [10.83, -0.05, -0.34],
						"0.75": [-7.5, -0.25, -0.03],
						"0.8333": [-9.35, -0.27, 0],
						"0.9167": [-8.43, -0.26, -0.01],
						"1.0": [-7.5, -0.25, -0.03],
						"1.0833": [2.94, -0.07, -0.03],
						"1.125": [5.5, 0.03, -0.01],
						"1.1667": [0.63, 0.1, 0.06],
						"1.25": [-12, 0.21, 0.15],
						"1.3333": [-0.48, 0.24, -0.14],
						"1.375": [5.49, 0.23, -0.34],
						"1.4167": [7, 0.23, -0.62],
						"1.5": [7.46, 0.2, -1.09],
						"1.5833": [16.45, 0.12, -0.76],
						"1.625": [17.49, 0.05, -0.53],
						"1.6667": [10.83, -0.05, -0.34],
						"1.75": [-7.5, -0.25, -0.03],
						"1.8333": [-9.35, -0.27, 0],
						"1.9167": [-8.43, -0.26, -0.01],
						"2.0": [-7.5, -0.25, -0.03],
						"2.0833": [2.94, -0.07, -0.03],
						"2.125": [5.5, 0.03, -0.01],
						"2.1667": [0.63, 0.1, 0.06],
						"2.25": [-12, 0.21, 0.15],
						"2.3333": [-0.48, 0.24, -0.14],
						"2.375": [5.49, 0.23, -0.34],
						"2.4167": [7, 0.23, -0.62],
						"2.5": [7.46, 0.2, -1.09],
						"2.5833": [16.45, 0.12, -0.76],
						"2.625": [17.49, 0.05, -0.53],
						"2.6667": [10.83, -0.05, -0.34],
						"2.75": [-7.5, -0.25, -0.03],
						"2.8333": [-9.35, -0.27, 0],
						"2.9167": [-8.43, -0.26, -0.01],
						"3.0": [-7.5, -0.25, -0.03]
					},
					"position": {
						"0.0": [0, 0, 0],
						"0.0833": [0, 0, 0],
						"0.1667": [0, 0, 0],
						"0.25": [0, 0, 0],
						"0.3333": [0, 0, 0],
						"0.4167": [0, 0, 0],
						"0.5": [0, 0, 0],
						"0.5833": [0, 0, 0],
						"0.6667": [0, 0, 0],
						"0.75": [0, 0, 0],
						"0.8333": [0, 0, 0],
						"0.9167": [0, 0, 0],
						"1.0": [0, 0, 0],
						"1.0833": [0, 0, 0],
						"1.1667": [0, 0, 0],
						"1.25": [0, 0, 0],
						"1.3333": [0, 0, 0],
						"1.4167": [0, 0, 0],
						"1.5": [0, 0, 0],
						"1.5833": [0, 0, 0],
						"1.6667": [0, 0, 0],
						"1.75": [0, 0, 0],
						"1.8333": [0, 0, 0],
						"1.9167": [0, 0, 0],
						"2.0": [0, 0, 0],
						"2.0833": [0, 0, 0],
						"2.1667": [0, 0, 0],
						"2.25": [0, 0, 0],
						"2.3333": [0, 0, 0],
						"2.4167": [0, 0, 0],
						"2.5": [0, 0, 0],
						"2.5833": [0, 0, 0],
						"2.6667": [0, 0, 0],
						"2.75": [0, 0, 0],
						"2.8333": [0, 0, 0],
						"2.9167": [0, 0, 0],
						"3.0": [0, 0, 0]
					}
				},
				"rLe": {
					"rotation": {
						"0.0": [21.55, 1.68, 2.41],
						"0.0833": [11.22, -0.37, 0.67],
						"0.125": [4.5, -1.21, -0.09],
						"0.1667": [-3.24, -1.36, -0.35],
						"0.25": [-17.99, -1, -0.35],
						"0.3333": [-21.82, -1.2, -0.36],
						"0.375": [-22.99, -0.98, -0.32],
						"0.4167": [-25.59, -0.11, -0.25],
						"0.5": [-30, 2, 0],
						"0.5833": [-28.91, 2.37, 0.46],
						"0.625": [-25.97, 2.36, 0.66],
						"0.6667": [-20.58, 2.4, 0.73],
						"0.75": [-5.97, 2.36, 0.87],
						"0.8333": [10.25, 2.1, 1.6],
						"0.875": [16.55, 1.96, 1.94],
						"0.9167": [19.7, 1.85, 2.16],
						"1.0": [21.55, 1.68, 2.41],
						"1.0833": [11.22, -0.37, 0.67],
						"1.125": [4.5, -1.21, -0.09],
						"1.1667": [-3.24, -1.36, -0.35],
						"1.25": [-17.99, -1, -0.35],
						"1.3333": [-21.82, -1.2, -0.36],
						"1.375": [-22.99, -0.98, -0.32],
						"1.4167": [-25.59, -0.11, -0.25],
						"1.5": [-30, 2, 0],
						"1.5833": [-28.91, 2.37, 0.46],
						"1.625": [-25.97, 2.36, 0.66],
						"1.6667": [-20.58, 2.4, 0.73],
						"1.75": [-5.97, 2.36, 0.87],
						"1.8333": [10.25, 2.1, 1.6],
						"1.875": [16.55, 1.96, 1.94],
						"1.9167": [19.7, 1.85, 2.16],
						"2.0": [21.55, 1.68, 2.41],
						"2.0833": [11.22, -0.37, 0.67],
						"2.125": [4.5, -1.21, -0.09],
						"2.1667": [-3.24, -1.36, -0.35],
						"2.25": [-17.99, -1, -0.35],
						"2.3333": [-21.82, -1.2, -0.36],
						"2.375": [-22.99, -0.98, -0.32],
						"2.4167": [-25.59, -0.11, -0.25],
						"2.5": [-30, 2, 0],
						"2.5833": [-28.91, 2.37, 0.46],
						"2.625": [-25.97, 2.36, 0.66],
						"2.6667": [-20.58, 2.4, 0.73],
						"2.75": [-5.97, 2.36, 0.87],
						"2.8333": [10.25, 2.1, 1.6],
						"2.875": [16.55, 1.96, 1.94],
						"2.9167": [19.7, 1.85, 2.16],
						"3.0": [21.55, 1.68, 2.41]
					},
					"position": {
						"0.0": [0, 0, 0],
						"0.0833": [0, 0, 0],
						"0.1667": [0, 0, 0],
						"0.25": [0, 0, 0],
						"0.3333": [0, 0, 0],
						"0.4167": [0, 0, 0],
						"0.5": [0, 0, 0],
						"0.5833": [0, 0, 0],
						"0.6667": [0, 0, 0],
						"0.75": [0, 0, 0],
						"0.8333": [0, 0, 0],
						"0.9167": [0, 0, 0],
						"1.0": [0, 0, 0],
						"1.0833": [0, 0, 0],
						"1.1667": [0, 0, 0],
						"1.25": [0, 0, 0],
						"1.3333": [0, 0, 0],
						"1.4167": [0, 0, 0],
						"1.5": [0, 0, 0],
						"1.5833": [0, 0, 0],
						"1.6667": [0, 0, 0],
						"1.75": [0, 0, 0],
						"1.8333": [0, 0, 0],
						"1.9167": [0, 0, 0],
						"2.0": [0, 0, 0],
						"2.0833": [0, 0, 0],
						"2.1667": [0, 0, 0],
						"2.25": [0, 0, 0],
						"2.3333": [0, 0, 0],
						"2.4167": [0, 0, 0],
						"2.5": [0, 0, 0],
						"2.5833": [0, 0, 0],
						"2.6667": [0, 0, 0],
						"2.75": [0, 0, 0],
						"2.8333": [0, 0, 0],
						"2.9167": [0, 0, 0],
						"3.0": [0, 0, 0]
					}
				},
				"RightLowerLeg": {
					"rotation": {
						"0.0": [3.01, -0.25, 0.95],
						"0.0833": [36.81, -0.26, 0.58],
						"0.125": [49.99, -0.24, 0.42],
						"0.1667": [51.62, -0.2, 0.35],
						"0.25": [40, -0.06, 0.34],
						"0.3333": [18.52, 0.12, 0.42],
						"0.375": [10, 0.19, 0.46],
						"0.4167": [7.39, 0.22, 0.49],
						"0.5": [10, 0.19, 0.46],
						"0.5833": [17.57, 0.01, 0.17],
						"0.625": [20.5, -0.04, 0],
						"0.6667": [21.19, 0, -0.15],
						"0.75": [18, 0.17, -0.48],
						"0.8333": [5.42, 0.27, -1.03],
						"0.875": [0.51, 0.25, -1.03],
						"0.9167": [-0.04, 0.11, -0.49],
						"1.0": [3.01, -0.25, 0.95],
						"1.0833": [36.81, -0.26, 0.58],
						"1.125": [49.99, -0.24, 0.42],
						"1.1667": [51.62, -0.2, 0.35],
						"1.25": [40, -0.06, 0.34],
						"1.3333": [18.52, 0.12, 0.42],
						"1.375": [10, 0.19, 0.46],
						"1.4167": [7.39, 0.22, 0.49],
						"1.5": [10, 0.19, 0.46],
						"1.5833": [17.57, 0.01, 0.17],
						"1.625": [20.5, -0.04, 0],
						"1.6667": [21.19, 0, -0.15],
						"1.75": [18, 0.17, -0.48],
						"1.8333": [5.42, 0.27, -1.03],
						"1.875": [0.51, 0.25, -1.03],
						"1.9167": [-0.04, 0.11, -0.49],
						"2.0": [3.01, -0.25, 0.95],
						"2.0833": [36.81, -0.26, 0.58],
						"2.125": [49.99, -0.24, 0.42],
						"2.1667": [51.62, -0.2, 0.35],
						"2.25": [40, -0.06, 0.34],
						"2.3333": [18.52, 0.12, 0.42],
						"2.375": [10, 0.19, 0.46],
						"2.4167": [7.39, 0.22, 0.49],
						"2.5": [10, 0.19, 0.46],
						"2.5833": [17.57, 0.01, 0.17],
						"2.625": [20.5, -0.04, 0],
						"2.6667": [21.19, 0, -0.15],
						"2.75": [18, 0.17, -0.48],
						"2.8333": [5.42, 0.27, -1.03],
						"2.875": [0.51, 0.25, -1.03],
						"2.9167": [-0.04, 0.11, -0.49],
						"3.0": [3.01, -0.25, 0.95]
					},
					"position": {
						"0.0": [0, 0, 0],
						"0.0833": [0, 0, 0],
						"0.1667": [0, 0, 0],
						"0.25": [0, 0, 0],
						"0.3333": [0, 0, 0],
						"0.4167": [0, 0, 0],
						"0.5": [0, 0, 0],
						"0.5833": [0, 0, 0],
						"0.6667": [0, 0, 0],
						"0.75": [0, 0, 0],
						"0.8333": [0, 0, 0],
						"0.9167": [0, 0, 0],
						"1.0": [0, 0, 0],
						"1.0833": [0, 0, 0],
						"1.1667": [0, 0, 0],
						"1.25": [0, 0, 0],
						"1.3333": [0, 0, 0],
						"1.4167": [0, 0, 0],
						"1.5": [0, 0, 0],
						"1.5833": [0, 0, 0],
						"1.6667": [0, 0, 0],
						"1.75": [0, 0, 0],
						"1.8333": [0, 0, 0],
						"1.9167": [0, 0, 0],
						"2.0": [0, 0, 0],
						"2.0833": [0, 0, 0],
						"2.1667": [0, 0, 0],
						"2.25": [0, 0, 0],
						"2.3333": [0, 0, 0],
						"2.4167": [0, 0, 0],
						"2.5": [0, 0, 0],
						"2.5833": [0, 0, 0],
						"2.6667": [0, 0, 0],
						"2.75": [0, 0, 0],
						"2.8333": [0, 0, 0],
						"2.9167": [0, 0, 0],
						"3.0": [0, 0, 0]
					}
				},
				"RightFoot": {
					"rotation": {
						"0.0": [7.46, -0.2, 1.09],
						"0.0833": [16.37, -0.12, 0.73],
						"0.125": [17.49, -0.05, 0.53],
						"0.1667": [10.83, 0.05, 0.34],
						"0.25": [-7.5, 0.25, 0.03],
						"0.3333": [-9.83, 0.28, 0],
						"0.4167": [-9.39, 0.28, 0.01],
						"0.5": [-7.5, 0.25, 0.03],
						"0.5833": [2.94, 0.07, 0.02],
						"0.625": [5.5, -0.03, 0.01],
						"0.6667": [0.63, -0.1, -0.06],
						"0.75": [-12, -0.21, -0.15],
						"0.8333": [-0.48, -0.24, 0.14],
						"0.875": [5.49, -0.23, 0.34],
						"0.9167": [7.37, -0.23, 0.6],
						"1.0": [7.46, -0.2, 1.09],
						"1.0833": [16.37, -0.12, 0.73],
						"1.125": [17.49, -0.05, 0.53],
						"1.1667": [10.83, 0.05, 0.34],
						"1.25": [-7.5, 0.25, 0.03],
						"1.3333": [-9.83, 0.28, 0],
						"1.4167": [-9.39, 0.28, 0.01],
						"1.5": [-7.5, 0.25, 0.03],
						"1.5833": [2.94, 0.07, 0.02],
						"1.625": [5.5, -0.03, 0.01],
						"1.6667": [0.63, -0.1, -0.06],
						"1.75": [-12, -0.21, -0.15],
						"1.8333": [-0.48, -0.24, 0.14],
						"1.875": [5.49, -0.23, 0.34],
						"1.9167": [7.37, -0.23, 0.6],
						"2.0": [7.46, -0.2, 1.09],
						"2.0833": [16.37, -0.12, 0.73],
						"2.125": [17.49, -0.05, 0.53],
						"2.1667": [10.83, 0.05, 0.34],
						"2.25": [-7.5, 0.25, 0.03],
						"2.3333": [-9.83, 0.28, 0],
						"2.4167": [-9.39, 0.28, 0.01],
						"2.5": [-7.5, 0.25, 0.03],
						"2.5833": [2.94, 0.07, 0.02],
						"2.625": [5.5, -0.03, 0.01],
						"2.6667": [0.63, -0.1, -0.06],
						"2.75": [-12, -0.21, -0.15],
						"2.8333": [-0.48, -0.24, 0.14],
						"2.875": [5.49, -0.23, 0.34],
						"2.9167": [7.37, -0.23, 0.6],
						"3.0": [7.46, -0.2, 1.09]
					},
					"position": {
						"0.0": [0, 0, 0],
						"0.0833": [0, 0, 0],
						"0.1667": [0, 0, 0],
						"0.25": [0, 0, 0],
						"0.3333": [0, 0, 0],
						"0.4167": [0, 0, 0],
						"0.5": [0, 0, 0],
						"0.5833": [0, 0, 0],
						"0.6667": [0, 0, 0],
						"0.75": [0, 0, 0],
						"0.8333": [0, 0, 0],
						"0.9167": [0, 0, 0],
						"1.0": [0, 0, 0],
						"1.0833": [0, 0, 0],
						"1.1667": [0, 0, 0],
						"1.25": [0, 0, 0],
						"1.3333": [0, 0, 0],
						"1.4167": [0, 0, 0],
						"1.5": [0, 0, 0],
						"1.5833": [0, 0, 0],
						"1.6667": [0, 0, 0],
						"1.75": [0, 0, 0],
						"1.8333": [0, 0, 0],
						"1.9167": [0, 0, 0],
						"2.0": [0, 0, 0],
						"2.0833": [0, 0, 0],
						"2.1667": [0, 0, 0],
						"2.25": [0, 0, 0],
						"2.3333": [0, 0, 0],
						"2.4167": [0, 0, 0],
						"2.5": [0, 0, 0],
						"2.5833": [0, 0, 0],
						"2.6667": [0, 0, 0],
						"2.75": [0, 0, 0],
						"2.8333": [0, 0, 0],
						"2.9167": [0, 0, 0],
						"3.0": [0, 0, 0]
					}
				},
				"AllBody": {
					"rotation": [0, 0, 0],
					"position": [0, 0, 0],
					"scale": 1
				},
				"AllHead": {
					"rotation": {
						"0.0": [0, 0, 0],
						"0.0833": [-0.07, -0.04, -2.13],
						"0.125": [-0.12, -0.05, -2.5],
						"0.1667": [-0.14, -0.04, -2.24],
						"0.25": [-0.19, -0.02, -1.2],
						"0.3333": [-0.24, 0, 0.21],
						"0.4167": [-0.28, 0.02, 1.58],
						"0.5": [-0.3, 0.04, 2.5],
						"0.5833": [-0.19, 0.05, 2.87],
						"0.625": [-0.12, 0.05, 2.5],
						"0.6667": [-0.11, 0.04, 2.31],
						"0.75": [-0.07, 0.03, 1.76],
						"0.8333": [-0.04, 0.02, 1.08],
						"0.9167": [-0.02, 0.01, 0.43],
						"1.0": [0, 0, 0],
						"1.0833": [-0.07, -0.04, -2.13],
						"1.125": [-0.12, -0.05, -2.5],
						"1.1667": [-0.14, -0.04, -2.24],
						"1.25": [-0.19, -0.02, -1.2],
						"1.3333": [-0.24, 0, 0.21],
						"1.4167": [-0.28, 0.02, 1.58],
						"1.5": [-0.3, 0.04, 2.5],
						"1.5833": [-0.19, 0.05, 2.87],
						"1.625": [-0.12, 0.05, 2.5],
						"1.6667": [-0.11, 0.04, 2.31],
						"1.75": [-0.07, 0.03, 1.76],
						"1.8333": [-0.04, 0.02, 1.08],
						"1.9167": [-0.02, 0.01, 0.43],
						"2.0": [0, 0, 0],
						"2.0833": [-0.07, -0.04, -2.13],
						"2.125": [-0.12, -0.05, -2.5],
						"2.1667": [-0.14, -0.04, -2.24],
						"2.25": [-0.19, -0.02, -1.2],
						"2.3333": [-0.24, 0, 0.21],
						"2.4167": [-0.28, 0.02, 1.58],
						"2.5": [-0.3, 0.04, 2.5],
						"2.5833": [-0.19, 0.05, 2.87],
						"2.625": [-0.12, 0.05, 2.5],
						"2.6667": [-0.11, 0.04, 2.31],
						"2.75": [-0.07, 0.03, 1.76],
						"2.8333": [-0.04, 0.02, 1.08],
						"2.9167": [-0.02, 0.01, 0.43],
						"3.0": [0, 0, 0]
					},
					"position": [0, 0, 0]
				},
				"Cabeza": {
					"rotation": {
						"0.0": [0, 2, -0.03],
						"0.0833": [0.04, 3.1, 1.67],
						"0.125": [0.06, 3.03, 1.95],
						"0.1667": [0.07, 2.72, 1.73],
						"0.25": [0.07, 1.65, 0.83],
						"0.3333": [0.08, 0.28, -0.37],
						"0.4167": [0.08, -1.06, -1.5],
						"0.5": [0.08, -2.03, -2.22],
						"0.5833": [0.05, -3.29, -1.94],
						"0.625": [0.04, -3.02, -1.45],
						"0.6667": [0.03, -2.7, -1.31],
						"0.75": [0.02, -1.61, -0.97],
						"0.8333": [0.01, -0.22, -0.6],
						"0.9167": [0, 1.11, -0.27],
						"1.0": [0, 2, -0.03],
						"1.0833": [0.04, 3.1, 1.67],
						"1.125": [0.06, 3.03, 1.95],
						"1.1667": [0.07, 2.72, 1.73],
						"1.25": [0.07, 1.65, 0.83],
						"1.3333": [0.08, 0.28, -0.37],
						"1.4167": [0.08, -1.06, -1.5],
						"1.5": [0.08, -2.03, -2.22],
						"1.5833": [0.05, -3.29, -1.94],
						"1.625": [0.04, -3.02, -1.45],
						"1.6667": [0.03, -2.7, -1.31],
						"1.75": [0.02, -1.61, -0.97],
						"1.8333": [0.01, -0.22, -0.6],
						"1.9167": [0, 1.11, -0.27],
						"2.0": [0, 2, -0.03],
						"2.0833": [0.04, 3.1, 1.67],
						"2.125": [0.06, 3.03, 1.95],
						"2.1667": [0.07, 2.72, 1.73],
						"2.25": [0.07, 1.65, 0.83],
						"2.3333": [0.08, 0.28, -0.37],
						"2.4167": [0.08, -1.06, -1.5],
						"2.5": [0.08, -2.03, -2.22],
						"2.5833": [0.05, -3.29, -1.94],
						"2.625": [0.04, -3.02, -1.45],
						"2.6667": [0.03, -2.7, -1.31],
						"2.75": [0.02, -1.61, -0.97],
						"2.8333": [0.01, -0.22, -0.6],
						"2.9167": [0, 1.11, -0.27],
						"3.0": [0, 2, -0.03]
					}
				},
				"DownBody": {
					"rotation": {
						"0.0": [0, 1, 0],
						"0.0833": [0, 1.92, 0.33],
						"0.125": [0, 2.25, 0.5],
						"0.1667": [0, 2.23, 0.62],
						"0.25": [0, 1.75, 0.75],
						"0.3333": [0, 1.16, 0.62],
						"0.375": [0, 0.75, 0.5],
						"0.4167": [0, 0.2, 0.35],
						"0.5": [0, -1, 0],
						"0.5833": [0, -1.98, -0.35],
						"0.625": [0, -2.25, -0.5],
						"0.6667": [0, -2.23, -0.62],
						"0.75": [0, -1.75, -0.75],
						"0.8333": [0, -1.16, -0.62],
						"0.875": [0, -0.75, -0.5],
						"0.9167": [0, -0.15, -0.35],
						"1.0": [0, 1, 0],
						"1.0833": [0, 1.92, 0.33],
						"1.125": [0, 2.25, 0.5],
						"1.1667": [0, 2.23, 0.62],
						"1.25": [0, 1.75, 0.75],
						"1.3333": [0, 1.16, 0.62],
						"1.375": [0, 0.75, 0.5],
						"1.4167": [0, 0.2, 0.35],
						"1.5": [0, -1, 0],
						"1.5833": [0, -1.98, -0.35],
						"1.625": [0, -2.25, -0.5],
						"1.6667": [0, -2.23, -0.62],
						"1.75": [0, -1.75, -0.75],
						"1.8333": [0, -1.16, -0.62],
						"1.875": [0, -0.75, -0.5],
						"1.9167": [0, -0.15, -0.35],
						"2.0": [0, 1, 0],
						"2.0833": [0, 1.92, 0.33],
						"2.125": [0, 2.25, 0.5],
						"2.1667": [0, 2.23, 0.62],
						"2.25": [0, 1.75, 0.75],
						"2.3333": [0, 1.16, 0.62],
						"2.375": [0, 0.75, 0.5],
						"2.4167": [0, 0.2, 0.35],
						"2.5": [0, -1, 0],
						"2.5833": [0, -1.98, -0.35],
						"2.625": [0, -2.25, -0.5],
						"2.6667": [0, -2.23, -0.62],
						"2.75": [0, -1.75, -0.75],
						"2.8333": [0, -1.16, -0.62],
						"2.875": [0, -0.75, -0.5],
						"2.9167": [0, -0.15, -0.35],
						"3.0": [0, 1, 0]
					}
				},
				"Weiba1": {
					"rotation": {
						"0.0": [0, 0, -5],
						"0.375": [0, 5, 0],
						"0.75": [0, 0, 5],
						"1.125": [0, -5, 0],
						"1.5": [0, 0, -5],
						"1.875": [0, 5, 0],
						"2.25": [0, 0, 5],
						"2.625": [0, -5, 0],
						"3.0": [0, 0, -5]
					}
				},
				"Weiba2": {
					"rotation": {
						"0.0": [0, -0.59, -0.88],
						"0.0417": [0, 0, -1],
						"0.4167": [0, 5, 0],
						"0.7917": [0, 0, 1],
						"1.2083": [0, -5, 0],
						"1.5": [0, -0.59, -0.88],
						"1.5417": [0, 0, -1],
						"1.9167": [0, 5, 0],
						"2.2917": [0, 0, 1],
						"2.7083": [0, -5, 0],
						"3.0": [0, -0.59, -0.88]
					}
				},
				"Weiba3": {
					"rotation": {
						"0.0": [0, -1.18, -0.47],
						"0.0833": [0, 0, 0],
						"0.4583": [0, 5, 2],
						"0.8333": [0, 0, 0],
						"1.2083": [0, -5, -2],
						"1.5": [0, -1.18, -0.47],
						"1.5833": [0, 0, 0],
						"1.9583": [0, 5, 2],
						"2.3333": [0, 0, 0],
						"2.7083": [0, -5, -2],
						"3.0": [0, -1.18, -0.47]
					}
				},
				"Weiba4": {
					"rotation": {
						"0.0": [0, -1.65, 0],
						"0.2917": [0, 0, 0],
						"0.6667": [0, 2, 0],
						"1.0417": [0, 0, 0],
						"1.4583": [0, -2, 0],
						"1.5": [0, -1.65, 0],
						"1.7917": [0, 0, 0],
						"2.1667": [0, 2, 0],
						"2.5417": [0, 0, 0],
						"2.9583": [0, -2, 0],
						"3.0": [0, -1.65, 0]
					}
				},
				"Weiba5": {
					"rotation": {
						"0.0": [0, -1.88, 0],
						"0.3333": [0, 0, 0],
						"0.7083": [0, 2, 0],
						"1.0833": [0, 0, 0],
						"1.4583": [0, -2, 0],
						"1.5": [0, -1.88, 0],
						"1.8333": [0, 0, 0],
						"2.2083": [0, 2, 0],
						"2.5833": [0, 0, 0],
						"2.9583": [0, -2, 0],
						"3.0": [0, -1.88, 0]
					}
				},
				"Weiba6": {
					"rotation": {
						"0.0": [0, -8.42, 0.79],
						"0.0833": [0, -10, 0],
						"0.4167": [0, 0, -5],
						"0.7917": [0, 10, 0],
						"1.1667": [0, 0, 5],
						"1.5": [0, -8.42, 0.79],
						"1.5833": [0, -10, 0],
						"1.9167": [0, 0, -5],
						"2.2917": [0, 10, 0],
						"2.6667": [0, 0, 5],
						"3.0": [0, -8.42, 0.79]
					}
				},
				"Weiba7": {
					"rotation": {
						"0.0": [0, -6.32, 0.74],
						"0.1667": [0, -10, 0],
						"0.5": [0, 0, -2],
						"0.875": [0, 10, 0],
						"1.25": [0, 0, 2],
						"1.5": [0, -6.32, 0.74],
						"1.6667": [0, -10, 0],
						"2.0": [0, 0, -2],
						"2.375": [0, 10, 0],
						"2.75": [0, 0, 2],
						"3.0": [0, -6.32, 0.74]
					}
				},
				"Weiba8": {
					"rotation": {
						"0.0": [0, -4.21, 0],
						"0.2083": [0, -10, 0],
						"0.5833": [0, 0, 0],
						"0.9583": [0, 10, 0],
						"1.3333": [0, 0, 0],
						"1.5": [0, -4.21, 0],
						"1.7083": [0, -10, 0],
						"2.0833": [0, 0, 0],
						"2.4583": [0, 10, 0],
						"2.8333": [0, 0, 0],
						"3.0": [0, -4.21, 0]
					}
				},
				"Weiba9": {
					"rotation": {
						"0.0": [0, -3.16, 0],
						"0.3333": [0, -15, 0],
						"0.6667": [0, 0, 0],
						"1.0417": [0, 15, 0],
						"1.4167": [0, 0, 0],
						"1.5": [0, -3.16, 0],
						"1.8333": [0, -15, 0],
						"2.1667": [0, 0, 0],
						"2.5417": [0, 15, 0],
						"2.9167": [0, 0, 0],
						"3.0": [0, -3.16, 0]
					}
				},
				"Yao": {
					"rotation": [2.5, 0, 0]
				}
			}
		},
		"animation.ty.run": {
			"loop": true,
			"animation_length": 0.6667,
			"bones": {
				"Model": {
					"rotation": {
						"0.0": [0, 0, 0],
						"0.0417": [0, 0, 0],
						"0.0833": [0, 0, 0],
						"0.125": [0, 0, 0],
						"0.1667": [0, 0, 0],
						"0.2083": [0, 0, 0],
						"0.25": [0, 0, 0],
						"0.2917": [0, 0, 0],
						"0.3333": [0, 0, 0],
						"0.6667": [0, 0, 0]
					},
					"position": {
						"0.0": [0, -1.23, 0],
						"0.0417": [0, -1.67, 0],
						"0.0833": [0, -1.96, 0],
						"0.125": [0, -1.37, 0],
						"0.1667": [0, -0.74, 0],
						"0.2083": [0, -0.73, 0],
						"0.25": [0, -0.86, 0],
						"0.2917": [0, -1.05, 0],
						"0.3333": [0, -1.23, 0],
						"0.375": [0, -1.7, 0],
						"0.4167": [0, -1.96, 0],
						"0.4583": [0, -1.37, 0],
						"0.5": [0, -0.74, 0],
						"0.5417": [0, -0.67, 0],
						"0.5833": [0, -0.69, 0],
						"0.625": [0, -0.86, 0],
						"0.6667": [0, -1.23, 0]
					}
				},
				"UpBody": {
					"rotation": {
						"0.0417": [42.97, 0, 0],
						"0.0833": [39.28, 0, 0],
						"0.125": [39.08, 0, 0],
						"0.1667": [39.35, 0, 0],
						"0.2083": [39.9, 0, 0],
						"0.25": [40.85, 0, 0],
						"0.2917": [42.08, 0, 0],
						"0.3333": [42.97, 0, 0],
						"0.375": [42.97, 0, 0],
						"0.4167": [39.28, 0, 0],
						"0.4583": [39.08, 0, 0],
						"0.5": [39.35, 0, 0],
						"0.5417": [39.9, 0, 0],
						"0.5833": [40.85, 0, 0],
						"0.625": [42.08, 0, 0],
						"0.6667": [42.97, 0, 0]
					},
					"position": {
						"0.0": [0, 0, 1.5],
						"0.0833": [0, 0, 1],
						"0.2917": [0, 0, 1.3],
						"0.3333": [0, 0, 1.4],
						"0.4167": [0, 0, 1.2],
						"0.4583": [0, 0, 1],
						"0.5417": [0, 0, 1],
						"0.625": [0, 0, 1.4],
						"0.6667": [0, 0, 1.5]
					}
				},
				"UpperBody": {
					"rotation": {
						"0.0417": [-15.35, 0, 0],
						"0.0833": [-11.05, 0, 0],
						"0.125": [-12.01, 0, 0],
						"0.1667": [-13.92, 0, 0],
						"0.2083": [-15.35, 0, 0],
						"0.25": [-15.66, 0, 0],
						"0.2917": [-15.5, 0, 0],
						"0.3333": [-15.35, 0, 0],
						"0.375": [-15.35, 0, 0],
						"0.4167": [-11.05, 0, 0],
						"0.4583": [-12, 0, 0],
						"0.5": [-13.91, 0, 0],
						"0.5417": [-15.35, 0, 0],
						"0.5833": [-15.66, 0, 0],
						"0.625": [-15.5, 0, 0],
						"0.6667": [-15.35, 0, 0]
					},
					"position": {
						"0.0417": [0, 0, 0],
						"0.0833": [0, 0, 0],
						"0.125": [0, 0, 0],
						"0.1667": [0, 0, 0],
						"0.2083": [0, 0, 0],
						"0.25": [0, 0, 0],
						"0.2917": [0, 0, 0],
						"0.3333": [0, 0, 0],
						"0.375": [0, 0, 0],
						"0.4167": [0, 0, 0],
						"0.4583": [0, 0, 0],
						"0.5": [0, 0, 0],
						"0.5417": [0, 0, 0],
						"0.5833": [0, 0, 0],
						"0.625": [0, 0, 0],
						"0.6667": [0, 0, 0]
					}
				},
				"lAm": {
					"rotation": {
						"0.0": [73.66, 0, 0],
						"0.0417": [61.57, 0, 0],
						"0.0833": [46.04, 0, 0],
						"0.125": [18.41, 0, 0],
						"0.1667": [-4.55, 0, 0],
						"0.2083": [-32.28, 0, 0],
						"0.25": [-52.17, 0, 0],
						"0.2917": [-62.06, 0, 0],
						"0.3333": [-64.11, 0, 0],
						"0.375": [-52.17, 0, 0],
						"0.4167": [-26.62, 0, 0],
						"0.4583": [10.73, 0, 0],
						"0.5": [48.08, 0, 0],
						"0.5417": [73.66, 0, 0],
						"0.5833": [87.13, 0, 0],
						"0.625": [86.64, 0, 0],
						"0.6667": [73.66, 0, 0]
					},
					"position": {
						"0.0": [0, 0, 0],
						"0.0417": [0, 0, 0],
						"0.0833": [0, 0, 0],
						"0.125": [0, 0, 0],
						"0.1667": [0, 0, 0],
						"0.2083": [0, 0, 0],
						"0.25": [0, 0, 0],
						"0.2917": [0, 0, 0],
						"0.3333": [0, 0, 0],
						"0.375": [0, 0, 0],
						"0.4167": [0, 0, 0],
						"0.4583": [0, 0, 0],
						"0.5": [0, 0, 0],
						"0.5417": [0, 0, 0],
						"0.5833": [0, 0, 0],
						"0.625": [0, 0, 0],
						"0.6667": [0, 0, 0]
					}
				},
				"LeftForeArm": {
					"rotation": {
						"0.0": [-36.83, 0, 0],
						"0.0417": [-58.31, 0, 0],
						"0.0833": [-65.47, 0, 0],
						"0.125": [-72.97, 0, 0],
						"0.1667": [-82.86, 0, 0],
						"0.2083": [-100.91, 0, 0],
						"0.25": [-106.36, 0, 0],
						"0.2917": [-93.9, 0, 0],
						"0.3333": [-85.88, 0, 0],
						"0.375": [-88.01, 0, 0],
						"0.4167": [-75.52, 0, 0],
						"0.4583": [-58.64, 0, 0],
						"0.5": [-50.83, 0, 0],
						"0.5417": [-45.38, 0, 0],
						"0.5833": [-41.66, 0, 0],
						"0.625": [-39.02, 0, 0],
						"0.6667": [-36.83, 0, 0]
					},
					"position": {
						"0.0": [0, 0, 0],
						"0.0417": [0, 0, 0],
						"0.0833": [0, 0, 0],
						"0.125": [0, 0, 0],
						"0.1667": [0, 0, 0],
						"0.2083": [0, 0, 0],
						"0.25": [0, 0, 0],
						"0.2917": [0, 0, 0],
						"0.3333": [0, 0, 0],
						"0.375": [0, 0, 0],
						"0.4167": [0, 0, 0],
						"0.4583": [0, 0, 0],
						"0.5": [0, 0, 0],
						"0.5417": [0, 0, 0],
						"0.5833": [0, 0, 0],
						"0.625": [0, 0, 0],
						"0.6667": [0, 0, 0]
					}
				},
				"rAm": {
					"rotation": {
						"0.0417": [-52.17, 0, 0],
						"0.0833": [-29.38, 0, 0],
						"0.125": [3.86, 0, 0],
						"0.1667": [37.49, 0, 0],
						"0.2083": [61.38, 0, 0],
						"0.25": [74.46, 0, 0],
						"0.2917": [76.27, 0, 0],
						"0.3333": [73.66, 0, 0],
						"0.375": [62.33, 0, 0],
						"0.4167": [46.04, 0, 0],
						"0.4583": [18.41, 0, 0],
						"0.5": [-18.64, 0, 0],
						"0.5417": [-52.17, 0, 0],
						"0.5833": [-58.4, 0, 0],
						"0.625": [-56.79, 0, 0],
						"0.6667": [-52.17, 0, 0]
					},
					"position": {
						"0.0": [0, 0, 0],
						"0.0417": [0, 0, 0],
						"0.0833": [0, 0, 0],
						"0.125": [0, 0, 0],
						"0.1667": [0, 0, 0],
						"0.2083": [0, 0, 0],
						"0.25": [0, 0, 0],
						"0.2917": [0, 0, 0],
						"0.3333": [0, 0, 0],
						"0.375": [0, 0, 0],
						"0.4167": [0, 0, 0],
						"0.4583": [0, 0, 0],
						"0.5": [0, 0, 0],
						"0.5417": [0, 0, 0],
						"0.5833": [0, 0, 0],
						"0.625": [0, 0, 0],
						"0.6667": [0, 0, 0]
					}
				},
				"RightForeArm": {
					"rotation": {
						"0.0": [-88.55, 0, 0],
						"0.0417": [-83.76, 0, 0],
						"0.0833": [-72.26, 0, 0],
						"0.125": [-53.16, 0, 0],
						"0.1667": [-43.05, 0, 0],
						"0.2083": [-37.84, 0, 0],
						"0.25": [-36.83, 0, 0],
						"0.2917": [-45.02, 0, 0],
						"0.3333": [-58.31, 0, 0],
						"0.375": [-66.05, 0, 0],
						"0.4167": [-74.12, 0, 0],
						"0.4583": [-82.86, 0, 0],
						"0.5": [-99.74, 0, 0],
						"0.5417": [-101.05, 0, 0],
						"0.5833": [-93.48, 0, 0],
						"0.625": [-92.5, 0, 0],
						"0.6667": [-88.55, 0, 0]
					}
				},
				"lLe": {
					"rotation": {
						"0.0": [-55.24, 0, 0],
						"0.0417": [-53.9, 0, 0],
						"0.0833": [-46.03, 0, 0],
						"0.125": [-22.06, 0, 0],
						"0.1667": [6.14, 0, 0],
						"0.2083": [24.2, 0, 0],
						"0.25": [41.25, 0, 0],
						"0.2917": [49.1, 0, 0],
						"0.3333": [34.92, 0, 0],
						"0.375": [9.21, 0, 0],
						"0.4167": [-16.89, 0, 0],
						"0.4583": [-39.9, 0, 0],
						"0.5": [-45.37, 0, 0],
						"0.5417": [-49.2, 0, 0],
						"0.5833": [-51.83, 0, 0],
						"0.625": [-53.69, 0, 0],
						"0.6667": [-55.24, 0, 0]
					},
					"position": [0, 0, 0]
				},
				"LeftLowerLeg": {
					"rotation": {
						"0.0": [3.07, 0, 0],
						"0.0417": [10, 0, 0],
						"0.0833": [19.32, 0, 0],
						"0.125": [24.55, 0, 0],
						"0.1667": [17.07, 0, 0],
						"0.2083": [9.21, 0, 0],
						"0.25": [12.08, 0, 0],
						"0.2917": [27.62, 0, 0],
						"0.3333": [71.91, 0, 0],
						"0.375": [113.55, 0, 0],
						"0.4167": [124.1, 0, 0],
						"0.4583": [110.48, 0, 0],
						"0.5": [93.95, 0, 0],
						"0.5417": [69.87, 0, 0],
						"0.5833": [43.31, 0, 0],
						"0.625": [19.36, 0, 0],
						"0.6667": [3.07, 0, 0]
					},
					"position": {
						"0.0": [0, 0, 0],
						"0.0417": [0, 0, 0],
						"0.0833": [0, 0, 0],
						"0.125": [0, 0, 0],
						"0.1667": [0, 0, 0],
						"0.2083": [0, 0, 0],
						"0.25": [0, 0, 0],
						"0.2917": [0, 0, 0],
						"0.3333": [0, 0, 0],
						"0.375": [0, 0, 0],
						"0.4167": [0, 0, 0],
						"0.4583": [0, 0, 0],
						"0.5": [0, 0, 0],
						"0.5417": [0, 0, 0],
						"0.5833": [0, 0, 0],
						"0.625": [0, 0, 0],
						"0.6667": [0, 0, 0]
					}
				},
				"LeftFoot": {
					"rotation": {
						"0.0": [-6.14, 0, 0],
						"0.0417": [3.41, 0, 0],
						"0.0833": [16.03, 0, 0],
						"0.125": [21.48, 0, 0],
						"0.1667": [0.95, 0, 0],
						"0.2083": [-15.35, 0, 0],
						"0.25": [1.04, 0, 0],
						"0.2917": [28.32, 0, 0],
						"0.3333": [46.04, 0, 0],
						"0.375": [46.01, 0, 0],
						"0.4167": [39.32, 0, 0],
						"0.4583": [29.85, 0, 0],
						"0.5": [21.48, 0, 0],
						"0.5417": [14.15, 0, 0],
						"0.5833": [6.14, 0, 0],
						"0.625": [-1.1, 0, 0],
						"0.6667": [-6.14, 0, 0]
					},
					"position": {
						"0.0": [0, 0, 0],
						"0.0417": [0, 0, 0],
						"0.0833": [0, 0, 0],
						"0.125": [0, 0, 0],
						"0.1667": [0, 0, 0],
						"0.2083": [0, 0, 0],
						"0.25": [0, 0, 0],
						"0.2917": [0, 0, 0],
						"0.3333": [0, 0, 0],
						"0.375": [0, 0, 0],
						"0.4167": [0, 0, 0],
						"0.4583": [0, 0, 0],
						"0.5": [0, 0, 0],
						"0.5417": [0, 0, 0],
						"0.5833": [0, 0, 0],
						"0.625": [0, 0, 0],
						"0.6667": [0, 0, 0]
					}
				},
				"rLe": {
					"rotation": {
						"0.0": [30.69, 0, 0],
						"0.0417": [19.56, 0, 0],
						"0.0833": [3.07, 0, 0],
						"0.125": [-19.18, 0, 0],
						"0.1667": [-39.9, 0, 0],
						"0.2083": [-46.25, 0, 0],
						"0.25": [-50.83, 0, 0],
						"0.2917": [-53.78, 0, 0],
						"0.3333": [-55.24, 0, 0],
						"0.375": [-54.86, 0, 0],
						"0.4167": [-46.03, 0, 0],
						"0.4583": [-20.92, 0, 0],
						"0.5": [6.14, 0, 0],
						"0.5417": [14.79, 0, 0],
						"0.5833": [21.67, 0, 0],
						"0.625": [26.92, 0, 0],
						"0.6667": [30.69, 0, 0]
					},
					"position": [0, 0, 0]
				},
				"RightLowerLeg": {
					"rotation": {
						"0.0": [67.52, 0, 0],
						"0.0417": [90.55, 0, 0],
						"0.0833": [113.55, 0, 0],
						"0.125": [122.18, 0, 0],
						"0.1667": [113.55, 0, 0],
						"0.2083": [94.79, 0, 0],
						"0.25": [67.33, 0, 0],
						"0.2917": [39.96, 0, 0],
						"0.3333": [21.48, 0, 0],
						"0.375": [18.22, 0, 0],
						"0.4167": [24.55, 0, 0],
						"0.4583": [13.43, 0, 0],
						"0.5": [9.21, 0, 0],
						"0.5417": [19.97, 0, 0],
						"0.5833": [37.4, 0, 0],
						"0.625": [55.3, 0, 0],
						"0.6667": [67.52, 0, 0]
					},
					"position": {
						"0.0": [0, 0, 0],
						"0.0417": [0, 0, 0],
						"0.0833": [0, 0, 0],
						"0.125": [0, 0, 0],
						"0.1667": [0, 0, 0],
						"0.2083": [0, 0, 0],
						"0.25": [0, 0, 0],
						"0.2917": [0, 0, 0],
						"0.3333": [0, 0, 0],
						"0.375": [0, 0, 0],
						"0.4167": [0, 0, 0],
						"0.4583": [0, 0, 0],
						"0.5": [0, 0, 0],
						"0.5417": [0, 0, 0],
						"0.5833": [0, 0, 0],
						"0.625": [0, 0, 0],
						"0.6667": [0, 0, 0]
					}
				},
				"RightFoot": {
					"rotation": {
						"0.0": [46.04, 0, 0],
						"0.0417": [54.11, 0, 0],
						"0.0833": [64.22, 0, 0],
						"0.125": [64.45, 0, 0],
						"0.1667": [54.55, 0, 0],
						"0.2083": [38.2, 0, 0],
						"0.25": [19.73, 0, 0],
						"0.2917": [3.5, 0, 0],
						"0.3333": [-6.14, 0, 0],
						"0.375": [2.11, 0, 0],
						"0.4167": [15.35, 0, 0],
						"0.4583": [-2.48, 0, 0],
						"0.5": [-15.35, 0, 0],
						"0.5417": [-5.04, 0, 0],
						"0.5833": [13.42, 0, 0],
						"0.625": [32.84, 0, 0],
						"0.6667": [46.04, 0, 0]
					},
					"position": {
						"0.0": [0, 0, 0],
						"0.0417": [0, 0, 0],
						"0.0833": [0, 0, 0],
						"0.125": [0, 0, 0],
						"0.1667": [0, 0, 0],
						"0.2083": [0, 0, 0],
						"0.25": [0, 0, 0],
						"0.2917": [0, 0, 0],
						"0.3333": [0, 0, 0],
						"0.375": [0, 0, 0],
						"0.4167": [0, 0, 0],
						"0.4583": [0, 0, 0],
						"0.5": [0, 0, 0],
						"0.5417": [0, 0, 0],
						"0.5833": [0, 0, 0],
						"0.625": [0, 0, 0],
						"0.6667": [0, 0, 0]
					}
				},
				"AllBody": {
					"rotation": [0, 0, 0],
					"position": [0, 0, 0],
					"scale": 1
				},
				"AllHead": {
					"rotation": {
						"0.0": [0, 0, 0],
						"0.0417": [-3.07, 0, 0],
						"0.0833": [0.19, 0, 0],
						"0.125": [5.37, 0, 0],
						"0.1667": [10.17, 0, 0],
						"0.2083": [12.28, 0, 0],
						"0.25": [8.29, 0, 0],
						"0.2917": [0.9, 0, 0],
						"0.3333": [-3.07, 0, 0],
						"0.375": [-0.74, 0, 0],
						"0.4167": [4.41, 0, 0],
						"0.4583": [9.66, 0, 0],
						"0.5": [12.28, 0, 0],
						"0.5417": [10.86, 0, 0],
						"0.5833": [7.1, 0, 0],
						"0.625": [2.86, 0, 0],
						"0.6667": [0, 0, 0]
					}
				},
				"DownBody": {
					"rotation": {
						"0.0": [-6.14, 0, 0],
						"0.0417": [-3.26, 0, 0],
						"0.0833": [0, 0, 0],
						"0.125": [1.71, 0, 0],
						"0.1667": [3.07, 0, 0],
						"0.2083": [3.07, 0, 0],
						"0.25": [0.34, 0, 0],
						"0.2917": [-3.75, 0, 0],
						"0.3333": [-6.14, 0, 0],
						"0.375": [-3.84, 0, 0],
						"0.4167": [0, 0, 0],
						"0.4583": [1.7, 0, 0],
						"0.5": [3.07, 0, 0],
						"0.5417": [3.07, 0, 0],
						"0.5833": [0.57, 0, 0],
						"0.625": [-3.29, 0, 0],
						"0.6667": [-6.14, 0, 0]
					},
					"position": [0, -0.1, 0.5]
				},
				"Cabeza": {
					"rotation": {
						"0.0": [-21.48, 0, 0],
						"0.0417": [-18.41, 0, 0],
						"0.0833": [-20.91, 0, 0],
						"0.125": [-24.94, 0, 0],
						"0.1667": [-28.77, 0, 0],
						"0.2083": [-30.69, 0, 0],
						"0.25": [-27.05, 0, 0],
						"0.2917": [-21.48, 0, 0],
						"0.3333": [-18.41, 0, 0],
						"0.375": [-20.91, 0, 0],
						"0.4167": [-24.94, 0, 0],
						"0.4583": [-28.77, 0, 0],
						"0.5": [-30.69, 0, 0],
						"0.5417": [-29.68, 0, 0],
						"0.5833": [-26.86, 0, 0],
						"0.625": [-23.64, 0, 0],
						"0.6667": [-21.48, 0, 0]
					}
				},
				"RightHair_R": {
					"rotation": [20, 0, 0]
				},
				"BackHair1": {
					"rotation": [30, 0, 0]
				},
				"BackHair2": {
					"rotation": [10, 0, 0]
				},
				"LeftHand": {
					"rotation": {
						"0.0": [0, 0, 0],
						"0.25": [40, 0, 0],
						"0.4167": [40, 0, 0],
						"0.6667": [0, 0, 0]
					},
					"position": {
						"0.0": [0, 0.09, 0.01],
						"0.25": [0, 0.6, 0.1],
						"0.4167": [0, 0.6, 0.1],
						"0.6667": [0, 0.09, 0.01]
					}
				},
				"RightHand": {
					"rotation": {
						"0.0": [40, 0, 0],
						"0.0417": [40, 0, 0],
						"0.25": [0, 0, 0],
						"0.5417": [40, 0, 0],
						"0.6667": [40, 0, 0]
					},
					"position": {
						"0.0": [0, 0.6, 0.1],
						"0.0417": [0, 0.6, 0.1],
						"0.25": [0, 0, 0],
						"0.5417": [0, 0.6, 0.1],
						"0.6667": [0, 0.6, 0.1]
					}
				},
				"qun": {
					"rotation": {
						"0.0": [5, 0, 0],
						"0.125": [10, 0, 0],
						"0.2083": [10, 0, 0],
						"0.3333": [5, 0, 0],
						"0.4583": [10, 0, 0],
						"0.5417": [10, 0, 0],
						"0.6667": [5, 0, 0]
					},
					"position": {
						"0.0": [0, 0.1, -0.3],
						"0.0417": [0, 0.1, -0.5],
						"0.1667": [0, -0.05, -0.45],
						"0.2083": [0, -0.07, -0.43],
						"0.25": [0, -0.04, -0.41],
						"0.2917": [0, 0.1, -0.4],
						"0.3333": [0, 0.2, -0.4],
						"0.375": [0, 0.1, -0.5],
						"0.4167": [0, 0.2, -0.5],
						"0.4583": [0, 0.1, -0.6],
						"0.5": [0, 0, -0.65],
						"0.5417": [0, 0, -0.7],
						"0.5833": [0, 0.1, -0.6],
						"0.6667": [0, 0.1, -0.3]
					},
					"scale": [1, 1, 1.15]
				},
				"Weiba": {
					"rotation": [5, 0, 0]
				},
				"yifu_yao_1": {
					"rotation": [17.5, 0, 0]
				},
				"yifu_yao_2": {
					"rotation": [20, 0, 0]
				},
				"Breast": {
					"rotation": {
						"0.0": [0, 0, 1],
						"0.1667": [0, 0, 0],
						"0.3333": [0, 0, -1],
						"0.5": [0, 0, 0],
						"0.6667": [0, 0, 1]
					}
				},
				"Breast1": {
					"rotation": {
						"0.0": [2, 0, 0],
						"0.0417": [0, 0, 0],
						"0.125": [-4, 0, 0],
						"0.2917": [4, 0, 0],
						"0.4583": [-4, 0, 0],
						"0.625": [4, 0, 0],
						"0.6667": [2, 0, 0]
					}
				},
				"bow_rotation": {
					"rotation": [-18, 18, 6]
				},
				"yifu": {
					"scale": [1.05, 1, 1]
				},
				"yifu_yao": {
					"rotation": {
						"0.0": [-5, 0, 0],
						"0.3333": [0, 0, 0],
						"0.6667": [-5, 0, 0]
					}
				},
				"jiandai": {
					"rotation": [10, 0, 0]
				},
				"ElytraLocator": {
					"rotation": [22, 0, 0]
				},
				"Weiba1": {
					"rotation": {
						"0.0": [0, 0, -5],
						"0.1667": [0, 5, 0],
						"0.3333": [0, 0, 5],
						"0.5": [0, -5, 0],
						"0.6667": [0, 0, -5]
					}
				},
				"Weiba2": {
					"rotation": {
						"0.0": [0, -1.22, -0.75],
						"0.0417": [0, 0, -1],
						"0.2083": [0, 5, 0],
						"0.375": [0, 0, 1],
						"0.5417": [0, -5, 0],
						"0.6667": [0, -1.22, -0.75]
					}
				},
				"Weiba3": {
					"rotation": {
						"0.0": [0, -1.82, -0.73],
						"0.0833": [0, 0, 0],
						"0.25": [0, 5, 2],
						"0.4167": [0, 0, 0],
						"0.5833": [0, -5, -2],
						"0.6667": [0, -1.82, -0.73]
					}
				},
				"Weiba4": {
					"rotation": {
						"0.0": [0, -0.82, 0],
						"0.0833": [0, 0, 0],
						"0.25": [0, 2, 0],
						"0.4167": [0, 0, 0],
						"0.5833": [0, -2, 0],
						"0.6667": [0, -0.75, 0]
					}
				},
				"Weiba5": {
					"rotation": {
						"0.0": [0, -1.07, 0],
						"0.0833": [0, 0, 0],
						"0.25": [0, 2, 0],
						"0.4167": [0, 0, 0],
						"0.5833": [0, -2, 0],
						"0.6667": [0, -1, 0]
					}
				},
				"Weiba6": {
					"rotation": {
						"0.0": [0, -7.5, -1.25],
						"0.125": [0, 0, -5],
						"0.2917": [0, 10, 0],
						"0.4583": [0, 0, 5],
						"0.625": [0, -10, 0],
						"0.6667": [0, -7.5, -1.25]
					}
				},
				"Weiba7": {
					"rotation": {
						"0.0": [0, -10, 0],
						"0.1667": [0, 0, -2],
						"0.3333": [0, 10, 0],
						"0.5": [0, 0, 2],
						"0.6667": [0, -10, 0]
					}
				},
				"Weiba8": {
					"rotation": {
						"0.0": [0, -7.68, 0],
						"0.0417": [0, -10, 0],
						"0.2083": [0, 0, 0],
						"0.375": [0, 10, 0],
						"0.5417": [0, 0, 0],
						"0.625": [0, -4.21, 0],
						"0.6667": [0, -7.68, 0]
					}
				},
				"Weiba9": {
					"rotation": {
						"0.0": [0, -8.23, 0],
						"0.0833": [0, -15, 0],
						"0.25": [0, 0, 0],
						"0.4167": [0, 15, 0],
						"0.5833": [0, 0, 0],
						"0.625": [0, -3.16, 0],
						"0.6667": [0, -8.23, 0]
					}
				},
				"BH2_1": {
					"rotation": [5, 0, 0]
				},
				"DownBody_": {
					"rotation": [27.5, 0, 0],
					"scale": [0.98, 1, 1]
				},
				"BH1_2": {
					"rotation": {
						"0.0": [0, 0, 0],
						"0.5": [19.51869, -2.11344, 2.50296],
						"0.6667": [0, 0, 0]
					}
				},
				"RightBH8": {
					"rotation": {
						"0.0": [0, 0, 0],
						"0.5": [7.5, 0, 0],
						"0.6667": [0, 0, 0]
					}
				},
				"BH2_2": {
					"rotation": {
						"0.0": [0, 0, 0],
						"0.5": [20, 0, 0],
						"0.6667": [0, 0, 0]
					}
				},
				"LeftBH8": {
					"rotation": {
						"0.0": [0, 0, 0],
						"0.5": [10, 0, 0],
						"0.6667": [0, 0, 0]
					}
				}
			}
		},
		"animation.ty.jump": {
			"loop": true,
			"animation_length": 2,
			"bones": {
				"UpBody": {
					"rotation": [0, 0, 0]
				},
				"UpperBody": {
					"rotation": {
						"0.0": [0, 0, 0],
						"0.0833": [0.08, 0, 0],
						"0.1667": [0.19, 0, 0],
						"0.25": [0.33, 0, 0],
						"0.3333": [0.49, 0, 0],
						"0.4167": [0.64, 0, 0],
						"0.5": [0.78, 0, 0],
						"0.5833": [0.89, 0, 0],
						"0.6667": [0.97, 0, 0],
						"0.75": [1, 0, 0],
						"0.8333": [0.97, 0, 0],
						"0.9167": [0.9, 0, 0],
						"1.0": [0.78, 0, 0],
						"1.0833": [0.64, 0, 0],
						"1.1667": [0.49, 0, 0],
						"1.25": [0.34, 0, 0],
						"1.3333": [0.2, 0, 0],
						"1.4167": [0.08, 0, 0],
						"1.5": [0, 0, 0]
					}
				},
				"lAm": {
					"rotation": {
						"0.0": [-6.8, 3.16, -40.19],
						"0.0833": [-6.89, 3.15, -40.32],
						"0.1667": [-7.03, 3.12, -40.52],
						"0.25": [-7.2, 3.09, -40.76],
						"0.3333": [-7.36, 3.06, -41.01],
						"0.4167": [-7.5, 3.04, -41.22],
						"0.5": [-7.6, 3.02, -41.37],
						"0.5833": [-7.62, 3.01, -41.43],
						"0.6667": [-7.54, 3.02, -41.35],
						"0.75": [-7.36, 3.05, -41.15],
						"0.8333": [-7.12, 3.08, -40.89],
						"0.9167": [-6.88, 3.11, -40.6],
						"1.0": [-6.68, 3.14, -40.35],
						"1.0833": [-6.55, 3.16, -40.19],
						"1.1667": [-6.52, 3.17, -40.11],
						"1.25": [-6.57, 3.17, -40.1],
						"1.3333": [-6.66, 3.17, -40.13],
						"1.4167": [-6.75, 3.16, -40.17],
						"1.5": [-6.8, 3.16, -40.19]
					}
				},
				"LeftForeArm": {
					"rotation": {
						"0.0": [-35, 0, 0],
						"0.0833": [-35.04, 0, 0],
						"0.1667": [-35.1, 0, 0],
						"0.25": [-35.17, 0, 0],
						"0.3333": [-35.24, 0, 0],
						"0.4167": [-35.32, 0, 0],
						"0.5": [-35.39, 0, 0],
						"0.5833": [-35.45, 0, 0],
						"0.6667": [-35.49, 0, 0],
						"0.75": [-35.5, 0, 0],
						"0.8333": [-35.48, 0, 0],
						"0.9167": [-35.44, 0, 0],
						"1.0": [-35.38, 0, 0],
						"1.0833": [-35.3, 0, 0],
						"1.1667": [-35.22, 0, 0],
						"1.25": [-35.14, 0, 0],
						"1.3333": [-35.07, 0, 0],
						"1.4167": [-35.02, 0, 0],
						"1.5": [-35, 0, 0]
					}
				},
				"rAm": {
					"rotation": {
						"0.0": [-6.8, -3.16, 40.19],
						"0.0833": [-6.87, -3.15, 40.29],
						"0.1667": [-6.96, -3.13, 40.43],
						"0.25": [-7.08, -3.11, 40.6],
						"0.3333": [-7.2, -3.09, 40.79],
						"0.4167": [-7.33, -3.07, 40.98],
						"0.5": [-7.44, -3.05, 41.15],
						"0.5833": [-7.53, -3.03, 41.3],
						"0.6667": [-7.6, -3.02, 41.4],
						"0.75": [-7.62, -3.01, 41.43],
						"0.8333": [-7.59, -3.02, 41.39],
						"0.9167": [-7.52, -3.03, 41.27],
						"1.0": [-7.41, -3.05, 41.11],
						"1.0833": [-7.28, -3.08, 40.91],
						"1.1667": [-7.15, -3.1, 40.71],
						"1.25": [-7.02, -3.12, 40.51],
						"1.3333": [-6.91, -3.14, 40.35],
						"1.4167": [-6.83, -3.16, 40.23],
						"1.5": [-6.8, -3.16, 40.19]
					}
				},
				"RightForeArm": {
					"rotation": {
						"0.0": [-35, 0, 0],
						"0.0833": [-35.04, 0, 0],
						"0.1667": [-35.1, 0, 0],
						"0.25": [-35.17, 0, 0],
						"0.3333": [-35.24, 0, 0],
						"0.4167": [-35.32, 0, 0],
						"0.5": [-35.39, 0, 0],
						"0.5833": [-35.45, 0, 0],
						"0.6667": [-35.49, 0, 0],
						"0.75": [-35.5, 0, 0],
						"0.8333": [-35.48, 0, 0],
						"0.9167": [-35.44, 0, 0],
						"1.0": [-35.38, 0, 0],
						"1.0833": [-35.3, 0, 0],
						"1.1667": [-35.22, 0, 0],
						"1.25": [-35.14, 0, 0],
						"1.3333": [-35.07, 0, 0],
						"1.4167": [-35.02, 0, 0],
						"1.5": [-35, 0, 0]
					}
				},
				"lLe": {
					"rotation": {
						"0.1667": [-9, 0, 0],
						"0.25": [-8.98, -0.09, -0.01],
						"0.3333": [-8.95, -0.23, -0.02],
						"0.4167": [-8.91, -0.39, -0.04],
						"0.5": [-8.87, -0.56, -0.06],
						"0.5833": [-8.83, -0.73, -0.08],
						"0.6667": [-8.8, -0.87, -0.09],
						"0.75": [-8.78, -0.96, -0.1],
						"0.8333": [-8.77, -1, -0.11],
						"0.9167": [-8.78, -0.96, -0.1],
						"1.0": [-8.8, -0.87, -0.09],
						"1.0833": [-8.83, -0.73, -0.08],
						"1.1667": [-8.87, -0.56, -0.06],
						"1.25": [-8.91, -0.39, -0.04],
						"1.3333": [-8.95, -0.23, -0.02],
						"1.4167": [-8.98, -0.09, -0.01],
						"1.5": [-9, 0, 0]
					},
					"position": [0, 0, -0.2]
				},
				"LeftLowerLeg": {
					"rotation": {
						"0.125": [22.5, 0, 0],
						"0.2083": [22.73, 0, 0],
						"0.2917": [23.07, 0, 0],
						"0.4167": [23.47, 0, 0],
						"0.5": [23.91, 0, 0],
						"0.5833": [24.32, 0, 0],
						"0.6667": [24.67, 0, 0],
						"0.75": [24.91, 0, 0],
						"0.8333": [25, 0, 0],
						"0.9583": [24.88, 0, 0],
						"1.0417": [24.58, 0, 0],
						"1.125": [24.15, 0, 0],
						"1.2083": [23.66, 0, 0],
						"1.2917": [23.18, 0, 0],
						"1.4167": [22.77, 0, 0],
						"1.5": [22.5, 0, 0]
					},
					"position": [0, 0.2, 0]
				},
				"LeftFoot": {
					"rotation": [43, 0, 0]
				},
				"rLe": {
					"rotation": {
						"0.0": [-66.5, 0, 0],
						"0.0833": [-66.34, 0, 0],
						"0.1667": [-66.11, 0, 0],
						"0.25": [-65.83, 0, 0],
						"0.3333": [-65.53, 0, 0],
						"0.4167": [-65.22, 0, 0],
						"0.5": [-64.94, 0, 0],
						"0.5833": [-64.71, 0, 0],
						"0.6667": [-64.56, 0, 0],
						"0.75": [-64.5, 0, 0],
						"0.8333": [-64.56, 0, 0],
						"0.9167": [-64.71, 0, 0],
						"1.0": [-64.94, 0, 0],
						"1.0833": [-65.22, 0, 0],
						"1.1667": [-65.53, 0, 0],
						"1.25": [-65.83, 0, 0],
						"1.3333": [-66.11, 0, 0],
						"1.4167": [-66.34, 0, 0],
						"1.5": [-66.5, 0, 0]
					},
					"position": [0, 0, -0.4]
				},
				"RightLowerLeg": {
					"rotation": {
						"0.1667": [120, 0, 0],
						"0.25": [119.61, 0, 0],
						"0.3333": [119.03, 0, 0],
						"0.4167": [118.33, 0, 0],
						"0.5": [117.57, 0, 0],
						"0.5833": [116.81, 0, 0],
						"0.6667": [116.11, 0, 0],
						"0.75": [115.53, 0, 0],
						"0.8333": [115.14, 0, 0],
						"0.9167": [115, 0, 0],
						"1.0": [115.23, 0, 0],
						"1.0833": [115.85, 0, 0],
						"1.1667": [116.71, 0, 0],
						"1.25": [117.68, 0, 0],
						"1.3333": [118.64, 0, 0],
						"1.4167": [119.46, 0, 0],
						"1.5": [120, 0, 0]
					},
					"position": [0, 0.4, 0.4]
				},
				"RightFoot": {
					"rotation": {
						"0.0": [-2, 0, 0],
						"0.0833": [-1.8, 0, 0],
						"0.1667": [-1.52, 0, 0],
						"0.25": [-1.17, 0, 0],
						"0.3333": [-0.79, 0, 0],
						"0.4167": [-0.41, 0, 0],
						"0.5": [-0.06, 0, 0],
						"0.5833": [0.23, 0, 0],
						"0.6667": [0.43, 0, 0],
						"0.75": [0.5, 0, 0],
						"0.8333": [0.43, 0, 0],
						"0.9167": [0.23, 0, 0],
						"1.0": [-0.06, 0, 0],
						"1.0833": [-0.41, 0, 0],
						"1.1667": [-0.79, 0, 0],
						"1.25": [-1.17, 0, 0],
						"1.3333": [-1.52, 0, 0],
						"1.4167": [-1.8, 0, 0],
						"1.5": [-2, 0, 0]
					}
				},
				"Cabeza": {
					"rotation": {
						"0.0": [0, 0, 0],
						"0.0833": [-0.08, 0, 0],
						"0.1667": [-0.19, 0, 0],
						"0.25": [-0.33, 0, 0],
						"0.3333": [-0.49, 0, 0],
						"0.4167": [-0.64, 0, 0],
						"0.5": [-0.78, 0, 0],
						"0.5833": [-0.89, 0, 0],
						"0.6667": [-0.97, 0, 0],
						"0.75": [-1, 0, 0],
						"0.8333": [-0.97, 0, 0],
						"0.9167": [-0.89, 0, 0],
						"1.0": [-0.78, 0, 0],
						"1.0833": [-0.64, 0, 0],
						"1.1667": [-0.49, 0, 0],
						"1.25": [-0.33, 0, 0],
						"1.3333": [-0.19, 0, 0],
						"1.4167": [-0.08, 0, 0],
						"1.5": [0, 0, 0]
					}
				},
				"DownBody": {
					"rotation": [0, 0, 0]
				},
				"Weiba": {
					"rotation": [17.5, 0, 0]
				},
				"RightBH1": {
					"rotation": {
						"0.125": [0, 0, 0],
						"0.2917": [12.5, 0, 0],
						"0.4583": [0, 0, 0]
					}
				},
				"RightBH2": {
					"rotation": {
						"0.1667": [0, 0, 0],
						"0.3333": [12.5, 0, 0],
						"0.5": [0, 0, 0]
					}
				},
				"RightBH3": {
					"rotation": {
						"0.2083": [0, 0, 0],
						"0.375": [15, 0, 0],
						"0.5417": [0, 0, 0]
					}
				},
				"RightBH4": {
					"rotation": {
						"0.25": [0, 0, 0],
						"0.4167": [20, 0, 0],
						"0.5833": [0, 0, 0]
					}
				},
				"RightBH5": {
					"rotation": {
						"0.3333": [0, 0, 0],
						"0.5": [15, 0, 0],
						"0.6667": [0, 0, 0]
					}
				},
				"RightBH8": {
					"rotation": {
						"0.375": [0, 0, 0],
						"0.5417": [30, 0, 0],
						"0.7083": [0, 0, 0]
					}
				},
				"LeftBH1": {
					"rotation": {
						"0.125": [0, 0, 0],
						"0.2917": [12.5, 0, 0],
						"0.4583": [0, 0, 0]
					}
				},
				"LeftBH2": {
					"rotation": {
						"0.1667": [0, 0, 0],
						"0.3333": [12.5, 0, 0],
						"0.5": [0, 0, 0]
					}
				},
				"LeftBH3": {
					"rotation": {
						"0.2083": [0, 0, 0],
						"0.375": [15, 0, 0],
						"0.5417": [0, 0, 0]
					}
				},
				"LeftBH4": {
					"rotation": {
						"0.25": [0, 0, 0],
						"0.4167": [20, 0, 0],
						"0.5833": [0, 0, 0]
					}
				},
				"LeftBH5": {
					"rotation": {
						"0.3333": [0, 0, 0],
						"0.5": [15, 0, 0],
						"0.6667": [0, 0, 0]
					}
				},
				"LeftBH8": {
					"rotation": {
						"0.375": [0, 0, 0],
						"0.5417": [30, 0, 0],
						"0.7083": [0, 0, 0]
					}
				}
			}
		},
		"animation.ty.sit": {
			"loop": true,
			"animation_length": 2.6667,
			"bones": {
				"Model": {
					"rotation": [0, 0, 0],
					"position": [0, -15.8, 5],
					"scale": 1
				},
				"UpBody": {
					"rotation": {
						"0.0": [15, 0, 0],
						"0.6667": [14.98637, -0.64686, 2.41492],
						"1.3333": [15, 0, 0],
						"2.0": [14.98637, 0.64686, -2.41492],
						"2.6667": [15, 0, 0]
					},
					"position": [0, 0, 0.6]
				},
				"UpperBody": {
					"rotation": {
						"0.0": [0, 0, 0],
						"0.5": [0, 0, 4.44],
						"0.6667": [0, 0, 5],
						"0.8333": [0, 0, 4.44],
						"1.3333": [0, 0, 0],
						"1.8333": [0, 0, -4.44],
						"2.0": [0, 0, -5],
						"2.1667": [0, 0, -4.44],
						"2.6667": [0, 0, 0]
					},
					"position": [0, 0, 0]
				},
				"lAm": {
					"rotation": [-69.89773, 14.57084, -43.06641],
					"position": [0, 0, 0]
				},
				"LeftForeArm": {
					"rotation": [-60.94031, 19.61291, -8.71337],
					"position": [0, 0, 0]
				},
				"rAm": {
					"rotation": {
						"0.0": [-87.61348, -9.25945, 65.57752],
						"0.5": [-85.92, -13.9, 63.22],
						"0.6667": [-85.68323, -14.21099, 62.89862],
						"0.8333": [-85.92, -13.9, 63.22],
						"1.3333": [-87.59, -11.76, 65.47],
						"1.8333": [-88.14, -11.84, 67.71],
						"2.0": [-88.2218, -11.85621, 68.0246],
						"2.1667": [-88.14, -11.84, 67.71],
						"2.6667": [-87.59, -11.76, 65.47]
					},
					"position": [0, 0, 0]
				},
				"RightForeArm": {
					"rotation": [-47.5, 0, 0],
					"position": [0, 0, 0]
				},
				"lLe": {
					"rotation": [-142.5808, -3.39078, -12.02843],
					"position": [0, 0, 0]
				},
				"LeftLowerLeg": {
					"rotation": [95.32421, 1.93597, -7.24721],
					"position": [0, 1, 1]
				},
				"LeftFoot": {
					"rotation": [47.5, 0, 0],
					"position": [0, 0, -0.3]
				},
				"rLe": {
					"rotation": [-127.52635, -1.98315, 1.52251],
					"position": [0, 0, 0]
				},
				"RightLowerLeg": {
					"rotation": [70.0376, -2.41476, 0.64743],
					"position": [0, 0, 0]
				},
				"RightFoot": {
					"rotation": [57.5, 0, 0],
					"position": [0, 0, -0.3]
				},
				"AllBody": {
					"rotation": [0, 0, 0],
					"position": [0, -2.7, 0],
					"scale": 1
				},
				"AllHead": {
					"rotation": {
						"0.0": [0, 0, 0],
						"0.5": [0, 0, 4.44],
						"0.6667": [0, 0, 5],
						"0.8333": [0, 0, 4.44],
						"1.3333": [0, 0, 0],
						"1.8333": [0, 0, -4.44],
						"2.0": [0, 0, -5],
						"2.1667": [0, 0, -4.44],
						"2.6667": [0, 0, 0]
					},
					"position": [0, 0, 0]
				},
				"Cabeza": {
					"rotation": [-15, 0, 0],
					"position": [0, 0, 0]
				},
				"DownBody": {
					"position": [0, 0.8, 0]
				},
				"Weiba": {
					"scale": 0
				},
				"qun": {
					"rotation": [0, 0, 0],
					"position": [0, 0.3, -0.3]
				},
				"Yao": {
					"rotation": [-5, 0, 0],
					"position": [0, 0.3, 0.3]
				},
				"Yao_": {
					"position": [0, 0, -0.1]
				},
				"jiandai": {
					"rotation": [15, 5, 0],
					"position": [0, -1, 0]
				},
				"yifu_yao_1": {
					"rotation": [10, 0, 0]
				},
				"yifu_yao_1_0_0": {
					"rotation": [20, 0, 0]
				},
				"yifu_yao_1_0_1": {
					"rotation": [0, 0, 0]
				},
				"yifu_yao_1_1": {
					"rotation": [-5, 15, 0]
				},
				"yifu_yao_1_1_0": {
					"rotation": [15, 4, 4]
				},
				"yifu_yao_1_1_1": {
					"rotation": [5, 2, 5]
				},
				"yifu_yao_1_2": {
					"rotation": [-5, -15, 0]
				},
				"yifu_yao_1_2_0": {
					"rotation": [15, -4, -5]
				},
				"yifu_yao_1_2_1": {
					"rotation": [5, -2, -5]
				},
				"yifu_yao_1_3_0": {
					"rotation": [17.5, 0, 0]
				},
				"yifu_yao_1_3_1": {
					"rotation": [7.5, 0, 0]
				},
				"yifu_yao_1_4_1": {
					"rotation": [17.5, 0, 0]
				},
				"yifu_yao_1_4_2": {
					"rotation": [7.5, 0, 0]
				},
				"yifu_yao_2": {
					"rotation": [12.5, 0, 0]
				},
				"yifu_yao_2_1_1": {
					"rotation": [12.5, 0, 0]
				},
				"yifu_yao_2_2_1": {
					"rotation": [12.5, 0, -5]
				},
				"yifu_yao_2_0_0": {
					"rotation": [0, 0, 0]
				},
				"bow_rotation": {
					"rotation": [-20, 20, 0]
				},
				"ElytraLocator": {
					"rotation": [12.5, 0, 0]
				},
				"yifu_yao_2_3_1": {
					"rotation": [12.5, 0, 0]
				},
				"yifu_yao_2_4_1": {
					"rotation": [12.5, 0, 5]
				},
				"yifu_yao_2_4_0": {
					"rotation": [-7.5, 20, 0]
				},
				"yifu_yao_2_2_0": {
					"rotation": [-7.5, -20, 0]
				},
				"yifu_yao_2_0_1": {
					"rotation": [10, 0, 0]
				},
				"RightBH7": {
					"rotation": [-42.66117, 34.12398, 61.33144]
				},
				"LeftBH7": {
					"rotation": [-76.46671, -44.94549, -2.49762]
				}
			}
		}
	}
}