{
  "resource_pack_name": "vanilla",
  "texture_name": "atlas.items",
  "texture_data": {
    "pa_janedoe": {
      "textures": [
        "textures/items/pamobile/pa_janedoe"
      ]
    },
    "jessy": {
      "textures": [
        "textures/items/pamobile/jessy"
      ]
    },
    "ty": {
      "textures": [
        "textures/items/pamobile/ty"
      ]
    },
    "obito": {
      "textures": [
        "textures/items/pamobile/obito"
      ]
    },
    "ey": {
      "textures": [
        "textures/items/pamobile/ey"
      ]
    },
    "ward": {
      "textures": [
        "textures/items/pamobile/ward"
      ]
    }
  }
}