{
  "format_version": "1.21.10",
  "minecraft:item": {
    "description": {
      "identifier": "pa:obito",
      "menu_category": {
        "category": "equipment"
      }
    },
    "components": {
      "minecraft:icon": "obito",
      "minecraft:max_stack_size": 1,
      "minecraft:durability": {
        "max_durability": 9999,
        "damage_chance": {
          "min": 0,
          "max": 0
        }
      },
      "minecraft:hand_equipped": false,
      "minecraft:wearable": {
        "slot": "slot.armor.chest",
        "protection": 0
      },
      "minecraft:display_name": {
       "value": "Traje de Obito"
      },
      "minecraft:allow_off_hand": false,
      "tag:minecraft:is_armor": {},
      "tag:minecraft:transformable_items": {},
      "tag:minecraft:trimmable_armors": {}
    }
  }
}